datei,stufen,dauern_frames,summe_frames
mack_stand.png,1,68,68
mack_gehen.png,16,2/3/3/3/3/3/3/3/3/3/3/3/3/3/3/12,56
mack_sprint.png,16,1/4/4/4/4/4/4/4/4/4/4/4/4/4/4/7,64
mack_sprung.png,7,1/4/10/27/4/1/7,54
mack_sprungtritt.png,12,1/4/4/2/2/24/2/1/3/4/1/10,58
mack_sprungtritt_richtung.png,11,1/4/4/2/2/2/2/26/4/1/10,58
mack_sprungtritt_hoch.png,15,1/4/2/3/3/4/3/3/3/3/1/13/4/1/10,58
mack_sprungtritt_unten.png,10,1/4/4/4/4/24/2/4/1/10,58
mack_spezial.png,16,1/1/1/1/1/1/1/1/1/1/1/1/1/1/1/53,68
mack_sprintangriff.png,9,3/2/2/2/10/20/2/1/6,48
mack_kette.png,17,2/1/1/11/4/1/11/5/1/11/5/1/1/1/1/11/20,88
mack_griff_knie.png,23,1/3/1/4/6/2/2/9/3/1/1/2/2/9/3/1/1/2/2/9/3/1/70,138
mack_wurf.png,8,3/9/7/5/5/5/1/51,86
mack_getroffen.png,22,9/13/6/6/1/36/13/6/6/1/38/8/6/31/9/41/6/6/6/6/1/25,280
captain_stand.png,1,68,68
captain_gehen.png,15,3/4/4/4/4/4/4/4/4/4/4/4/4/4/1,56
captain_sprint.png,16,1/4/4/4/4/4/4/4/4/4/4/4/4/4/4/7,64
captain_sprung.png,9,1/6/6/6/6/17/5/1/6,54
captain_sprungtritt.png,12,1/6/2/2/2/24/2/1/3/5/1/9,58
captain_sprungtritt_richtung.png,12,1/6/2/2/2/24/2/1/3/5/1/9,58
captain_sprungtritt_hoch.png,16,1/6/3/3/4/3/3/3/3/3/3/1/7/5/1/9,58
captain_sprungtritt_unten.png,10,1/6/2/4/4/24/2/5/1/9,58
captain_spezial.png,16,1/2/2/2/1/6/6/6/6/6/6/2/2/2/1/17,68
captain_sprintangriff.png,8,3/1/1/2/10/20/1/10,48
captain_kette.png,24,2/1/11/1/4/1/1/11/4/1/1/1/11/3/1/1/11/2/2/2/2/2/4/8,88
captain_griff_knie.png,24,1/4/2/2/6/2/2/9/2/1/1/1/2/2/9/2/1/1/1/2/2/9/2/72,138
captain_wurf.png,8,3/9/7/5/10/5/1/46,86
captain_getroffen.png,23,9/13/6/6/1/36/13/6/6/1/38/8/6/31/9/41/5/5/5/5/5/1/24,280
ginzu_stand.png,1,68,68
ginzu_gehen.png,15,3/4/4/4/4/4/4/4/4/4/4/4/4/4/1,56
ginzu_sprint.png,16,1/4/4/4/4/4/4/4/4/4/4/4/4/4/4/7,64
ginzu_sprung.png,15,1/4/4/4/4/4/4/4/4/9/2/2/1/1/6,54
ginzu_sprungtritt.png,11,1/4/4/4/24/6/2/2/1/1/9,58
ginzu_sprungtritt_richtung.png,13,1/5/3/2/2/24/1/5/2/2/1/1/9,58
ginzu_sprungtritt_hoch.png,16,1/4/2/2/4/4/4/4/4/1/13/2/2/1/1/9,58
ginzu_sprungtritt_unten.png,10,1/4/4/24/10/2/2/1/1/9,58
ginzu_spezial.png,8,1/2/2/2/2/30/3/26,68
ginzu_sprintangriff.png,8,3/2/2/10/20/3/1/7,48
ginzu_kette.png,20,2/1/1/1/11/3/1/1/11/1/3/1/1/1/2/11/1/1/16/18,88
ginzu_griff_knie.png,24,1/4/10/1/1/1/11/4/1/1/11/1/4/1/1/1/2/11/1/1/16/21/13/19,138
ginzu_wurf.png,12,3/1/1/1/4/5/13/6/6/1/36/9,86
ginzu_getroffen.png,24,9/13/6/6/1/36/13/6/6/1/38/8/3/4/30/9/41/5/4/3/3/3/3/29,280
baby_stand.png,1,68,68
baby_gehen.png,15,3/4/4/4/4/4/4/4/4/4/4/4/4/4/1,56
baby_sprint.png,12,1/6/6/6/6/6/6/6/6/6/6/3,64
baby_sprung.png,10,1/4/4/4/4/4/21/5/1/6,54
baby_sprungtritt.png,11,1/4/4/2/2/2/24/4/5/1/9,58
baby_sprungtritt_richtung.png,12,1/4/4/2/2/24/4/1/1/5/1/9,58
baby_sprungtritt_hoch.png,11,1/4/2/2/2/2/24/6/5/1/9,58
baby_sprungtritt_unten.png,11,1/4/4/3/3/3/24/1/5/1/9,58
baby_spezial.png,8,1/6/6/1/1/6/26/21,68
baby_sprintangriff.png,15,1/2/2/2/4/3/3/3/3/3/3/3/1/1/14,48
baby_kette.png,17,2/1/1/11/4/1/1/11/4/1/1/11/4/1/4/1/29,88
baby_griff_knie.png,21,1/4/10/2/2/9/3/1/1/2/2/9/3/1/1/2/2/9/3/1/70,138
baby_wurf.png,8,3/9/7/5/5/5/1/51,86
baby_getroffen.png,22,9/13/6/6/1/36/13/6/6/1/38/8/6/31/9/41/6/6/6/6/1/25,280
