# Gegnerzahl aus der Objekttabelle (ramtools.py enemies); Spalten siehe ramtools.py (cmd_enemies)
# hurt
frame,screen_frame,belegt,s5,kampffaehig,slots
1,2400,4,1,0,16:20 17:20 18:21 19:10
184,2583,4,1,1,16:20 17:20 18:11 19:10
619,3018,4,2,1,16:20 17:21 18:11 19:10
950,3349,4,3,1,16:21 17:21 18:11 19:10
1014,3413,4,3,2,16:21 17:11 18:11 19:10
1021,3420,4,3,3,16:11 17:11 18:11 19:10
# hurt_b
frame,screen_frame,belegt,s5,kampffaehig,slots
1,2400,4,1,0,16:20 17:20 18:21 19:10
154,2553,4,1,1,16:20 17:20 18:11 19:10
582,2981,4,2,1,16:20 17:21 18:11 19:10
958,3357,4,3,1,16:21 17:21 18:11 19:10
1021,3420,4,3,2,16:21 17:11 18:11 19:10
1029,3428,4,3,3,16:11 17:11 18:11 19:10
# attack
frame,screen_frame,belegt,s5,kampffaehig,slots
1,2400,4,1,0,16:20 17:20 18:21 19:10
544,2943,4,1,1,16:20 17:20 18:11 19:10
587,2986,4,1,1,16:20 17:20 18:31 19:10
637,3036,4,1,0,16:20 17:20 18:21 19:10
715,3114,3,0,0,16:20 17:20 19:10
# attack_b
frame,screen_frame,belegt,s5,kampffaehig,slots
1,2400,4,1,0,16:20 17:20 18:21 19:10
364,2763,4,1,1,16:20 17:20 18:11 19:10
402,2801,4,1,1,16:20 17:20 18:31 19:10
456,2855,4,1,0,16:20 17:20 18:21 19:10
534,2933,3,0,0,16:20 17:20 19:10
# attract (Demo, andere Stage), Ausschnitt
frame,screen_frame,belegt,s5,kampffaehig,slots
3900,3899,6,5,5,14:11 15:11 16:11 17:11 18:11 19:10
3983,3982,6,5,4,14:21 15:11 16:11 17:11 18:11 19:10
3984,3983,6,5,5,14:31 15:11 16:11 17:11 18:11 19:10
