# Hoehe (FFA9A2/FFA9A4, 16.16, vorzeichenbehaftet), Hoehe Vorframe (FFA9F8),
# Aktion (FFA99A: 0 Stand/Laufen, 10 Sprung, 16 Schlag), Unterphase (FFA99C)
# jump: Sprung gedrueckt 61-62
frame,screen_frame,FFA9A2,FFA9A4,FFA9F8,FFA99A,FFA99C
60,2459,0,16384,0,0,0
61,2460,0,16384,0,0,0
62,2461,0,16384,0,10,0
63,2462,5,12288,0,10,0
64,2463,9,57344,5,10,0
65,2464,14,20480,9,10,0
66,2465,18,32768,14,10,0
67,2466,22,28672,18,10,0
68,2467,26,8192,22,10,0
69,2468,29,36864,26,10,0
70,2469,32,49152,29,10,0
71,2470,35,45056,32,10,0
72,2471,38,24576,35,10,0
73,2472,40,53248,38,10,0
74,2473,43,0,40,10,0
75,2474,44,61440,43,10,0
76,2475,46,40960,44,10,0
77,2476,48,4096,46,10,0
78,2477,49,16384,48,10,0
79,2478,50,12288,49,10,0
80,2479,50,57344,50,10,0
81,2480,51,20480,50,10,0
82,2481,51,32768,51,10,0
83,2482,51,28672,51,10,0
84,2483,51,8192,51,10,0
85,2484,50,36864,51,10,0
86,2485,49,49152,50,10,0
87,2486,48,45056,49,10,0
88,2487,47,24576,48,10,0
89,2488,45,53248,47,10,0
90,2489,44,0,45,10,0
91,2490,41,61440,44,10,0
92,2491,39,40960,41,10,0
93,2492,37,4096,39,10,0
94,2493,34,16384,37,10,0
95,2494,31,12288,34,10,0
96,2495,27,57344,31,10,0
97,2496,24,20480,27,10,0
98,2497,20,32768,24,10,0
99,2498,16,28672,20,10,0
100,2499,12,8192,16,10,0
101,2500,7,36864,12,10,0
102,2501,2,49152,7,10,0
103,2502,0,45056,2,10,2
104,2503,0,45056,0,10,2
105,2504,0,45056,0,10,2
106,2505,0,45056,0,10,2
107,2506,0,45056,0,10,2
108,2507,0,45056,0,10,2
109,2508,0,45056,0,0,0
110,2509,0,45056,0,0,0
# jump_b: Sprung gedrueckt 81-82
82,FFA99A,0,10,10
83,FFA9A2,0,5,5
84,FFA9A2,5,9,4
85,FFA9A2,9,14,5
86,FFA9A2,14,18,4
87,FFA9A2,18,22,4
88,FFA9A2,22,26,4
89,FFA9A2,26,29,3
90,FFA9A2,29,32,3
91,FFA9A2,32,35,3
92,FFA9A2,35,38,3
93,FFA9A2,38,40,2
94,FFA9A2,40,43,3
95,FFA9A2,43,44,1
96,FFA9A2,44,46,2
97,FFA9A2,46,48,2
98,FFA9A2,48,49,1
99,FFA9A2,49,50,1
101,FFA9A2,50,51,1
105,FFA9A2,51,50,-1
106,FFA9A2,50,49,-1
107,FFA9A2,49,48,-1
108,FFA9A2,48,47,-1
109,FFA9A2,47,45,-2
110,FFA9A2,45,44,-1
111,FFA9A2,44,41,-3
112,FFA9A2,41,39,-2
113,FFA9A2,39,37,-2
114,FFA9A2,37,34,-3
115,FFA9A2,34,31,-3
116,FFA9A2,31,27,-4
117,FFA9A2,27,24,-3
118,FFA9A2,24,20,-4
119,FFA9A2,20,16,-4
120,FFA9A2,16,12,-4
121,FFA9A2,12,7,-5
122,FFA9A2,7,2,-5
123,FFA9A2,2,0,-2
123,FFA99C,0,2,2
129,FFA99A,10,0,-10
129,FFA99C,2,0,-2
# attack: Leerschlag gedrueckt 61-62; attack_b: 41-42
frame,addr,old,new,delta
62,FFA99A,0,16,16
69,FFA99C,0,2,2
78,FFA99A,16,0,-16
42,FFA99A,0,16,16
49,FFA99C,0,2,2
58,FFA99A,16,0,-16
