# LP Spieler (FFA9D0, Kopie Vorframe FFA9D2), Status (FFA994: 1 normal, 3 Trefferreaktion,
# 2 am Boden), Liegen-Timer (FFAA61), Timer nach Aufstehen (FFAA69); Timer nur Start/Ende
# hurt (ohne Gegenwehr, Gegner ab 184 aktiv)
frame,addr,old,new,delta
450,FFA9D0,72,67,-5
450,FFA994,1,3,2
451,FFA9D2,72,67,-5
477,FFA994,3,1,-2
510,FFA9D0,67,62,-5
510,FFA994,1,3,2
511,FFA9D2,67,62,-5
537,FFA994,3,1,-2
574,FFA9D0,62,57,-5
574,FFA994,1,3,2
575,FFA9D2,62,57,-5
575,FFA994,3,2,-1
629,FFAA61,0,40,40
670,FFAA61,1,0,-1
696,FFA994,2,3,1
696,FFAA69,0,35,35
731,FFA9D0,57,52,-5
731,FFAA69,1,0,-1
732,FFA9D2,57,52,-5
758,FFA994,3,1,-2
803,FFA9D0,52,47,-5
803,FFA994,1,3,2
804,FFA9D2,52,47,-5
830,FFA994,3,1,-2
864,FFA9D0,47,42,-5
864,FFA994,1,3,2
865,FFA9D2,47,42,-5
891,FFA994,3,1,-2
924,FFA9D0,42,37,-5
924,FFA994,1,3,2
925,FFA9D2,42,37,-5
925,FFA994,3,2,-1
980,FFAA61,0,40,40
1021,FFAA61,1,0,-1
1047,FFA994,2,3,1
1047,FFAA69,0,35,35
1082,FFA994,3,1,-2
1082,FFAA69,1,0,-1
# hurt_b (variierte Eingaben, Gegner ab 154 aktiv)
422,FFA9D0,72,67,-5
422,FFA994,1,3,2
423,FFA9D2,72,67,-5
449,FFA994,3,1,-2
480,FFA9D0,67,62,-5
480,FFA994,1,3,2
481,FFA9D2,67,62,-5
507,FFA994,3,1,-2
543,FFA9D0,62,57,-5
543,FFA994,1,3,2
544,FFA9D2,62,57,-5
544,FFA994,3,2,-1
598,FFAA61,0,40,40
639,FFAA61,1,0,-1
665,FFA994,2,3,1
665,FFAA69,0,35,35
700,FFA994,3,1,-2
700,FFAA69,1,0,-1
741,FFA9D0,57,52,-5
741,FFA994,1,3,2
742,FFA9D2,57,52,-5
768,FFA994,3,1,-2
817,FFA9D0,52,47,-5
817,FFA994,1,3,2
818,FFA9D2,52,47,-5
844,FFA994,3,1,-2
878,FFA9D0,47,42,-5
878,FFA994,1,3,2
879,FFA9D2,47,42,-5
905,FFA994,3,1,-2
938,FFA9D0,42,37,-5
938,FFA994,1,3,2
939,FFA9D2,42,37,-5
939,FFA994,3,2,-1
994,FFAA61,0,40,40
1035,FFAA61,1,0,-1
1061,FFA994,2,3,1
1061,FFAA69,0,35,35
1096,FFA994,3,1,-2
1096,FFAA69,1,0,-1
