# Gegner in Slot 18 (Basis FFCA10): LP S+0x40 (FFCA50), Status S+4/S+5 (FFCA14/FFCA15),
# Angriffsnummer S+0x89 (FFCA99); Spieler: Aktion (FFA99A), Kombostufe x4 S+0x9D (FFAA2D),
# Punkte BCD (FFAA76)
# attack (Schlaege alle 8 Frames ab 561)
frame,addr,old,new,delta
544,FFCA14,2,1,-1
562,FFA99A,0,16,16
587,FFCA50,16,13,-3
587,FFCA14,1,3,2
587,FFCA99,0,7,7
588,FFAA76,0,16,16
602,FFAA2D,0,4,4
604,FFCA50,13,9,-4
604,FFCA99,7,8,1
605,FFAA76,16,48,32
618,FFAA2D,4,8,4
621,FFCA50,9,4,-5
621,FFCA99,8,9,1
622,FFAA76,48,96,48
634,FFAA2D,8,12,4
636,FFCA50,4,-6,-10
636,FFCA99,9,10,1
637,FFCA14,3,2,-1
637,FFAA76,96,320,224
666,FFA99A,16,0,-16
674,FFA99A,0,16,16
674,FFAA2D,12,0,-12
715,FFCA14,2,0,-2
715,FFCA15,1,0,-1
715,FFCA99,10,0,-10
# attack_b (Schlaege alle 6 Frames ab 386)
364,FFCA14,2,1,-1
387,FFA99A,0,16,16
402,FFCA50,16,13,-3
402,FFCA14,1,3,2
402,FFCA99,0,4,4
403,FFAA76,0,16,16
417,FFAA2D,0,4,4
419,FFCA50,13,9,-4
419,FFCA99,4,5,1
420,FFAA76,16,48,32
435,FFAA2D,4,8,4
438,FFCA50,9,4,-5
438,FFCA99,5,6,1
439,FFAA76,48,96,48
453,FFAA2D,8,12,4
455,FFCA50,4,-6,-10
455,FFCA99,6,7,1
456,FFCA14,3,2,-1
456,FFAA76,96,320,224
485,FFA99A,16,0,-16
489,FFA99A,0,16,16
489,FFAA2D,12,0,-12
534,FFCA14,2,0,-2
534,FFCA15,1,0,-1
534,FFCA99,7,0,-7
