# x (FFA99E/FFA9A0, 16.16), Tiefe (FFA9A6/FFA9A8, 16.16), x Vorframe (FFA9F6)
# walk: rechts gedrueckt 261-300 -> x aendert sich 262-301 (+1,75/Frame)
frame,screen_frame,FFA99E,FFA9A0,FFA9A6,FFA9A8,FFA9F6
259,2658,320,0,301,0,320
260,2659,320,0,301,0,320
261,2660,320,0,301,0,320
262,2661,321,49152,301,0,320
263,2662,323,32768,301,0,321
264,2663,325,16384,301,0,323
265,2664,327,0,301,0,325
266,2665,328,49152,301,0,327
298,2697,384,49152,301,0,383
299,2698,386,32768,301,0,384
300,2699,388,16384,301,0,386
301,2700,390,0,301,0,388
302,2701,390,0,301,0,390
303,2702,390,0,301,0,390
# walk_b: rechts 101-125 (Wirkung 102-126); rechts+runter 241-260 (x +1,25, Tiefe -0,75/Frame)
100,2499,320,0,274,0,320
101,2500,320,0,274,0,320
102,2501,321,49152,274,0,320
103,2502,323,32768,274,0,321
104,2503,325,16384,274,0,323
124,2523,360,16384,274,0,358
125,2524,362,0,274,0,360
126,2525,363,49152,274,0,362
127,2526,363,49152,274,0,363
128,2527,363,49152,274,0,363
240,2639,337,32768,294,0,337
241,2640,337,32768,294,0,337
242,2641,338,49152,293,16384,337
243,2642,340,0,292,32768,338
244,2643,341,16384,291,49152,340
245,2644,342,32768,291,0,341
246,2645,343,49152,290,16384,342
