# Gegenstaende, Waffen und Punkte (Captain Commando). Erzeugt von scripts/belege_item.sh,
# Auswertung scripts/messen_item.py. Frames = lokale Frames des Runners (Druck f = Taste in f gedrueckt).
# Gegenstand: Slot 20..59, Typ S+0x38 = 0x95F9C, Art S+0x3D, Munition S+0xB1, Liegezeit S+0x60.
# EINGRIFFE: item_f_fass, item_f_scroll LP der Figur auf 72; item_f_essen10/40/70/71 LP einmal gesetzt;
# item_a_* ausser item_a_liegen, item_w_*, item_ham_*, item_las_*, item_mis_*, item_nah_*: DOLG auf x 2700;
# item_ham/las/mis_*, item_w_multi_*: WOOKY (LP 100) relativ zur Figur gesetzt; item_nah_*: Gegenstand
# relativ zur Figur verschoben; item_k_*: Figur auf den Gegenstand gesetzt, LP gesetzt (lp72: ohne LP-Eingriff).
# Bot-Laeufe item_bot*: LP der Figur aufgefuellt, nach 900 Frames Stillstand Gegner-LP auf 1.
## objekte (Einzellaeufe)
lauf,slot,typ,art,name,munition,erscheint,x,hoehe,tiefe,landung,liegezeit_start,liegezeit_null,letzter_frame,frei,frames_belegt,frames_nach_null,ende,lp_verlauf
item_f_essen10,40,0x9da2a,0x04,Behaelter,,1,2384,0,200,,,,360,,360,,Laufende,1:777
item_f_essen10,41,0x9da2a,0x04,Behaelter,,1,2352,0,232,,,,360,,360,,Laufende,1:777
item_f_essen10,42,0x9da2a,0x04,Behaelter,,1,2320,0,208,,,,360,,360,,Laufende,1:777
item_f_essen10,43,0x9da2a,0x00,Behaelter,,1,1520,0,172,,,,248,249,248,,frei (x 1376, Kamera 1384),1:777 192:774
item_f_essen10,44,0x9da2a,0x00,Behaelter,,1,1480,0,184,,,,322,323,322,,frei (x 1351, Kamera 1384),1:777 272:774
item_f_essen10,50,0x95f9c,0x08,Raketenwerfer (MISSILE),3,193,1520,16,172,241,700,,360,,168,,Laufende,
item_f_essen10,48,0x9da2a,0x00,Truemmer,,199,1499,53,171,,,,242,243,44,,frei (x 1349, Kamera 1384),199:0
item_f_essen10,32,0x95f9c,0x20,Brathaehnchen,0,273,1480,0,184,322,700,,335,336,63,,aufgenommen,
item_f_essen10,43,0x9da2a,0x00,Truemmer,,279,1459,53,183,,,,310,311,32,,frei (x 1351, Kamera 1384),279:774
item_f_essen40,40,0x9da2a,0x04,Behaelter,,1,2384,0,200,,,,360,,360,,Laufende,1:777
item_f_essen40,41,0x9da2a,0x04,Behaelter,,1,2352,0,232,,,,360,,360,,Laufende,1:777
item_f_essen40,42,0x9da2a,0x04,Behaelter,,1,2320,0,208,,,,360,,360,,Laufende,1:777
item_f_essen40,43,0x9da2a,0x00,Behaelter,,1,1520,0,172,,,,248,249,248,,frei (x 1376, Kamera 1384),1:777 192:774
item_f_essen40,44,0x9da2a,0x00,Behaelter,,1,1480,0,184,,,,322,323,322,,frei (x 1351, Kamera 1384),1:777 272:774
item_f_essen40,50,0x95f9c,0x08,Raketenwerfer (MISSILE),3,193,1520,16,172,241,700,,360,,168,,Laufende,
item_f_essen40,48,0x9da2a,0x00,Truemmer,,199,1499,53,171,,,,242,243,44,,frei (x 1349, Kamera 1384),199:0
item_f_essen40,32,0x95f9c,0x20,Brathaehnchen,0,273,1480,0,184,322,700,,335,336,63,,aufgenommen,
item_f_essen40,43,0x9da2a,0x00,Truemmer,,279,1459,53,183,,,,310,311,32,,frei (x 1351, Kamera 1384),279:774
item_f_essen70,40,0x9da2a,0x04,Behaelter,,1,2384,0,200,,,,360,,360,,Laufende,1:777
item_f_essen70,41,0x9da2a,0x04,Behaelter,,1,2352,0,232,,,,360,,360,,Laufende,1:777
item_f_essen70,42,0x9da2a,0x04,Behaelter,,1,2320,0,208,,,,360,,360,,Laufende,1:777
item_f_essen70,43,0x9da2a,0x00,Behaelter,,1,1520,0,172,,,,248,249,248,,frei (x 1376, Kamera 1384),1:777 192:774
item_f_essen70,44,0x9da2a,0x00,Behaelter,,1,1480,0,184,,,,322,323,322,,frei (x 1351, Kamera 1384),1:777 272:774
item_f_essen70,50,0x95f9c,0x08,Raketenwerfer (MISSILE),3,193,1520,16,172,241,700,,360,,168,,Laufende,
item_f_essen70,48,0x9da2a,0x00,Truemmer,,199,1499,53,171,,,,242,243,44,,frei (x 1349, Kamera 1384),199:0
item_f_essen70,32,0x95f9c,0x20,Brathaehnchen,0,273,1480,0,184,322,700,,335,336,63,,aufgenommen,
item_f_essen70,43,0x9da2a,0x00,Truemmer,,279,1459,53,183,,,,310,311,32,,frei (x 1351, Kamera 1384),279:774
item_f_essen71,40,0x9da2a,0x04,Behaelter,,1,2384,0,200,,,,360,,360,,Laufende,1:777
item_f_essen71,41,0x9da2a,0x04,Behaelter,,1,2352,0,232,,,,360,,360,,Laufende,1:777
item_f_essen71,42,0x9da2a,0x04,Behaelter,,1,2320,0,208,,,,360,,360,,Laufende,1:777
item_f_essen71,43,0x9da2a,0x00,Behaelter,,1,1520,0,172,,,,248,249,248,,frei (x 1376, Kamera 1384),1:777 192:774
item_f_essen71,44,0x9da2a,0x00,Behaelter,,1,1480,0,184,,,,322,323,322,,frei (x 1351, Kamera 1384),1:777 272:774
item_f_essen71,50,0x95f9c,0x08,Raketenwerfer (MISSILE),3,193,1520,16,172,241,700,,360,,168,,Laufende,
item_f_essen71,48,0x9da2a,0x00,Truemmer,,199,1499,53,171,,,,242,243,44,,frei (x 1349, Kamera 1384),199:0
item_f_essen71,32,0x95f9c,0x20,Brathaehnchen,0,273,1480,0,184,322,700,,335,336,63,,aufgenommen,
item_f_essen71,43,0x9da2a,0x00,Truemmer,,279,1459,53,183,,,,310,311,32,,frei (x 1351, Kamera 1384),279:774
item_f_essen72,40,0x9da2a,0x04,Behaelter,,1,2384,0,200,,,,360,,360,,Laufende,1:777
item_f_essen72,41,0x9da2a,0x04,Behaelter,,1,2352,0,232,,,,360,,360,,Laufende,1:777
item_f_essen72,42,0x9da2a,0x04,Behaelter,,1,2320,0,208,,,,360,,360,,Laufende,1:777
item_f_essen72,43,0x9da2a,0x00,Behaelter,,1,1520,0,172,,,,248,249,248,,frei (x 1376, Kamera 1384),1:777 192:774
item_f_essen72,44,0x9da2a,0x00,Behaelter,,1,1480,0,184,,,,322,323,322,,frei (x 1351, Kamera 1384),1:777 272:774
item_f_essen72,50,0x95f9c,0x08,Raketenwerfer (MISSILE),3,193,1520,16,172,241,700,,360,,168,,Laufende,
item_f_essen72,48,0x9da2a,0x00,Truemmer,,199,1499,53,171,,,,242,243,44,,frei (x 1349, Kamera 1384),199:0
item_f_essen72,32,0x95f9c,0x20,Brathaehnchen,0,273,1480,0,184,322,700,,335,336,63,,aufgenommen,
item_f_essen72,43,0x9da2a,0x00,Truemmer,,279,1459,53,183,,,,310,311,32,,frei (x 1351, Kamera 1384),279:774
item_f_essen_waffe,40,0x9da2a,0x04,Behaelter,,1,2384,0,200,,,,470,,470,,Laufende,1:777
item_f_essen_waffe,41,0x9da2a,0x04,Behaelter,,1,2352,0,232,,,,470,,470,,Laufende,1:777
item_f_essen_waffe,42,0x9da2a,0x04,Behaelter,,1,2320,0,208,,,,470,,470,,Laufende,1:777
item_f_essen_waffe,43,0x9da2a,0x00,Behaelter,,1,1520,0,172,,,,248,249,248,,frei (x 1376, Kamera 1384),1:777 192:774
item_f_essen_waffe,44,0x9da2a,0x00,Behaelter,,1,1480,0,184,,,,398,399,398,,frei (x 1351, Kamera 1384),1:777 348:0
item_f_essen_waffe,50,0x95f9c,0x08,Raketenwerfer (MISSILE),3,193,1520,16,172,241,700,,255,256,63,,aufgenommen,
item_f_essen_waffe,48,0x9da2a,0x00,Truemmer,,199,1499,53,171,,,,242,243,44,,frei (x 1349, Kamera 1384),199:0
item_f_essen_waffe,32,0x95f9c,0x20,Brathaehnchen,0,349,1480,0,184,398,700,,440,441,92,,aufgenommen,
item_f_essen_waffe,30,0x9da2a,0x00,Truemmer,,355,1459,53,183,,,,386,387,32,,frei (x 1350, Kamera 1384),355:0
item_f_essen_waffe,32,0x95f9c,0x08,Raketenwerfer (MISSILE),2,469,1479,66,184,469,700,,470,,2,,Laufende,
item_f_fass,40,0x9da2a,0x04,Behaelter,,1,2384,0,200,,,,1250,,1250,,Laufende,1:777
item_f_fass,41,0x9da2a,0x04,Behaelter,,1,2352,0,232,,,,1250,,1250,,Laufende,1:777
item_f_fass,42,0x9da2a,0x04,Behaelter,,1,2320,0,208,,,,1250,,1250,,Laufende,1:777
item_f_fass,43,0x9da2a,0x00,Behaelter,,1,1520,0,172,,,,248,249,248,,frei (x 1376, Kamera 1384),1:777 192:774
item_f_fass,44,0x9da2a,0x00,Behaelter,,1,1480,0,184,,,,322,323,322,,frei (x 1351, Kamera 1384),1:777 272:774
item_f_fass,50,0x95f9c,0x08,Raketenwerfer (MISSILE),3,193,1520,16,172,241,700,,681,682,489,,frei (x 1520, Kamera 1683),
item_f_fass,48,0x9da2a,0x00,Truemmer,,199,1499,53,171,,,,242,243,44,,frei (x 1349, Kamera 1384),199:0
item_f_fass,32,0x95f9c,0x20,Brathaehnchen,0,273,1480,0,184,322,700,,664,665,392,,frei (x 1480, Kamera 1645),
item_f_fass,43,0x9da2a,0x00,Truemmer,,279,1459,53,183,,,,310,311,32,,frei (x 1351, Kamera 1384),279:774
item_f_nah_x,40,0x9da2a,0x04,Behaelter,,1,2384,0,200,,,,340,,340,,Laufende,1:777
item_f_nah_x,41,0x9da2a,0x04,Behaelter,,1,2352,0,232,,,,340,,340,,Laufende,1:777
item_f_nah_x,42,0x9da2a,0x04,Behaelter,,1,2320,0,208,,,,340,,340,,Laufende,1:777
item_f_nah_x,43,0x9da2a,0x00,Behaelter,,1,1520,0,172,,,,248,249,248,,frei (x 1376, Kamera 1384),1:777 192:774
item_f_nah_x,44,0x9da2a,0x00,Behaelter,,1,1480,0,184,,,,340,,340,,Laufende,1:777
item_f_nah_x,50,0x95f9c,0x08,Raketenwerfer (MISSILE),3,193,1520,16,172,241,700,,340,,148,,Laufende,
item_f_nah_x,48,0x9da2a,0x00,Truemmer,,199,1499,53,171,,,,242,243,44,,frei (x 1349, Kamera 1384),199:0
item_f_nah_z,40,0x9da2a,0x04,Behaelter,,1,2384,0,200,,,,400,,400,,Laufende,1:777
item_f_nah_z,41,0x9da2a,0x04,Behaelter,,1,2352,0,232,,,,400,,400,,Laufende,1:777
item_f_nah_z,42,0x9da2a,0x04,Behaelter,,1,2320,0,208,,,,400,,400,,Laufende,1:777
item_f_nah_z,43,0x9da2a,0x00,Behaelter,,1,1520,0,172,,,,248,249,248,,frei (x 1376, Kamera 1384),1:777 192:774
item_f_nah_z,44,0x9da2a,0x00,Behaelter,,1,1480,0,184,,,,400,,400,,Laufende,1:777
item_f_nah_z,50,0x95f9c,0x08,Raketenwerfer (MISSILE),3,193,1520,16,172,241,700,,400,,208,,Laufende,
item_f_nah_z,48,0x9da2a,0x00,Truemmer,,199,1499,53,171,,,,242,243,44,,frei (x 1349, Kamera 1384),199:0
item_f_scroll,40,0x9da2a,0x04,Behaelter,,1,2384,0,200,,,,700,,700,,Laufende,1:777
item_f_scroll,41,0x9da2a,0x04,Behaelter,,1,2352,0,232,,,,700,,700,,Laufende,1:777
item_f_scroll,42,0x9da2a,0x04,Behaelter,,1,2320,0,208,,,,700,,700,,Laufende,1:777
item_f_scroll,43,0x9da2a,0x00,Behaelter,,1,1520,0,172,,,,248,249,248,,frei (x 1376, Kamera 1384),1:777 192:774
item_f_scroll,44,0x9da2a,0x00,Behaelter,,1,1480,0,184,,,,416,417,416,,frei (x 1480, Kamera 1675),1:777
item_f_scroll,50,0x95f9c,0x08,Raketenwerfer (MISSILE),3,193,1520,16,172,241,700,,421,422,229,,frei (x 1520, Kamera 1684),
item_f_scroll,48,0x9da2a,0x00,Truemmer,,199,1499,53,171,,,,242,243,44,,frei (x 1349, Kamera 1384),199:0
item_f_sprung,40,0x9da2a,0x04,Behaelter,,1,2384,0,200,,,,340,,340,,Laufende,1:777
item_f_sprung,41,0x9da2a,0x04,Behaelter,,1,2352,0,232,,,,340,,340,,Laufende,1:777
item_f_sprung,42,0x9da2a,0x04,Behaelter,,1,2320,0,208,,,,340,,340,,Laufende,1:777
item_f_sprung,43,0x9da2a,0x00,Behaelter,,1,1520,0,172,,,,248,249,248,,frei (x 1376, Kamera 1384),1:777 192:774
item_f_sprung,44,0x9da2a,0x00,Behaelter,,1,1480,0,184,,,,336,337,336,,frei (x 1351, Kamera 1384),1:777 286:770
item_f_sprung,50,0x95f9c,0x08,Raketenwerfer (MISSILE),3,193,1520,16,172,241,700,,310,311,118,,aufgenommen,
item_f_sprung,48,0x9da2a,0x00,Truemmer,,199,1499,53,171,,,,242,243,44,,frei (x 1349, Kamera 1384),199:0
item_f_sprung,32,0x95f9c,0x20,Brathaehnchen,0,287,1480,0,184,336,700,,340,,54,,Laufende,
item_f_sprung,43,0x9da2a,0x00,Truemmer,,293,1459,53,183,,,,324,325,32,,frei (x 1351, Kamera 1384),293:774
item_f_verlust,40,0x9da2a,0x04,Behaelter,,1,2384,0,200,,,,800,,800,,Laufende,1:777
item_f_verlust,41,0x9da2a,0x04,Behaelter,,1,2352,0,232,,,,800,,800,,Laufende,1:777
item_f_verlust,42,0x9da2a,0x04,Behaelter,,1,2320,0,208,,,,800,,800,,Laufende,1:777
item_f_verlust,43,0x9da2a,0x00,Behaelter,,1,1520,0,172,,,,248,249,248,,frei (x 1376, Kamera 1384),1:777 192:774
item_f_verlust,44,0x9da2a,0x00,Behaelter,,1,1480,0,184,,,,550,551,550,,frei (x 1351, Kamera 1384),1:777 500:0
item_f_verlust,50,0x95f9c,0x08,Raketenwerfer (MISSILE),3,193,1520,16,172,241,700,,300,301,108,,aufgenommen,
item_f_verlust,48,0x9da2a,0x00,Truemmer,,199,1499,53,171,,,,242,243,44,,frei (x 1349, Kamera 1384),199:0
item_f_verlust,50,0x95f9c,0x08,Raketenwerfer (MISSILE),3,479,1520,66,175,513,700,,800,,322,,Laufende,
item_f_verlust,32,0x95f9c,0x20,Brathaehnchen,0,501,1480,0,184,550,700,,800,,300,,Laufende,
item_f_verlust,43,0x9da2a,0x00,Truemmer,,507,1459,53,183,,,,538,539,32,,frei (x 1351, Kamera 1384),507:774
item_f_waffe,40,0x9da2a,0x04,Behaelter,,1,2384,0,200,,,,700,,700,,Laufende,1:777
item_f_waffe,41,0x9da2a,0x04,Behaelter,,1,2352,0,232,,,,700,,700,,Laufende,1:777
item_f_waffe,42,0x9da2a,0x04,Behaelter,,1,2320,0,208,,,,700,,700,,Laufende,1:777
item_f_waffe,43,0x9da2a,0x00,Behaelter,,1,1520,0,172,,,,248,249,248,,frei (x 1376, Kamera 1384),1:777 192:774
item_f_waffe,44,0x9da2a,0x00,Behaelter,,1,1480,0,184,,,,551,552,551,,frei (x 1351, Kamera 1384),1:777 501:0
item_f_waffe,50,0x95f9c,0x08,Raketenwerfer (MISSILE),3,193,1520,16,172,241,700,,300,301,108,,aufgenommen,
item_f_waffe,48,0x9da2a,0x00,Truemmer,,199,1499,53,171,,,,242,243,44,,frei (x 1349, Kamera 1384),199:0
item_f_waffe,50,0x95f9c,0x08,Raketenwerfer (MISSILE),0,428,1551,52,175,428,641,,488,489,61,,frei (x 1489, Kamera 1384),
item_f_waffe,50,0x95f9c,0x20,Brathaehnchen,0,502,1480,16,184,550,700,,700,,199,,Laufende,
item_f_waffe,30,0x9da2a,0x00,Truemmer,,508,1459,53,183,,,,539,540,32,,frei (x 1350, Kamera 1384),508:0
item_a_hammer,40,0x9da2a,0x04,Behaelter,,1,2384,0,200,,,,63,64,63,,frei (x 2271, Kamera 2101),1:777
item_a_hammer,41,0x9da2a,0x04,Behaelter,,1,2352,0,232,,,,63,64,63,,frei (x 2239, Kamera 2101),1:777
item_a_hammer,42,0x9da2a,0x04,Behaelter,,1,2320,0,208,,,,63,64,63,,frei (x 2207, Kamera 2101),1:777
item_a_hammer,44,0x95f9c,0x08,Raketenwerfer (MISSILE),3,18,2352,16,232,66,700,,600,,583,,Laufende,
item_a_hammer,53,0x95f9c,0x10,Laser (LASER),4,18,2320,16,208,66,700,,600,,583,,Laufende,
item_a_hammer,58,0x95f9c,0x12,Hammer (HAMMER),6,18,2384,16,200,66,700,,120,121,103,,aufgenommen,
item_a_hammer,59,0x95f9c,0x12,Hammer (HAMMER),2,483,2378,66,197,517,700,,600,,118,,Laufende,
item_a_laser,44,0x95f9c,0x08,Raketenwerfer (MISSILE),3,1,2352,0,229,1,660,,250,,250,,Laufende,
item_a_laser,58,0x95f9c,0x12,Hammer (HAMMER),6,1,2384,0,200,1,660,,250,,250,,Laufende,
item_a_laser,59,0x95f9c,0x10,Laser (LASER),0,151,2283,52,205,,,,211,212,61,,frei (x 2368, Kamera 2059),
item_a_liegen,40,0x9da2a,0x04,Behaelter,,1,2384,0,200,,,,63,64,63,,frei (x 2271, Kamera 2048),1:777
item_a_liegen,41,0x9da2a,0x04,Behaelter,,1,2352,0,232,,,,63,64,63,,frei (x 2239, Kamera 2048),1:777
item_a_liegen,42,0x9da2a,0x04,Behaelter,,1,2320,0,208,,,,63,64,63,,frei (x 2207, Kamera 2048),1:777
item_a_liegen,44,0x95f9c,0x08,Raketenwerfer (MISSILE),3,18,2352,16,232,66,700,766,857,858,840,92,abgelaufen,
item_a_liegen,53,0x95f9c,0x10,Laser (LASER),4,18,2320,16,208,66,700,766,857,858,840,92,abgelaufen,
item_a_liegen,58,0x95f9c,0x12,Hammer (HAMMER),6,18,2384,16,200,66,700,766,857,858,840,92,abgelaufen,
item_a_tausch,44,0x95f9c,0x08,Raketenwerfer (MISSILE),3,1,2352,0,229,1,635,,60,61,60,,aufgenommen,
item_a_tausch,53,0x95f9c,0x10,Laser (LASER),4,1,2320,0,208,1,635,,120,,120,,Laufende,
item_a_tausch,58,0x95f9c,0x12,Hammer (HAMMER),6,61,2352,66,229,95,700,,120,,60,,Laufende,
item_k_s3_0e_w,56,0x9da2a,0x02,Behaelter,,1,3328,0,108,,,,240,,240,,Laufende,1:777
item_k_s3_0e_w,58,0x95f9c,0x0e,Art 0x0e,5,1,2943,0,73,1,693,,20,21,20,,aufgenommen,
item_k_s7_00_w,55,0x95f9c,0x00,Art 0x00,5,1,2200,0,1336,1,687,,5,6,5,,aufgenommen,
item_k_s7_00_w,55,0x95f9c,0x00,Art 0x00,0,198,2170,52,1336,,,,240,,43,,Laufende,
item_k_s7_00_w,48,0x95f9c,0x00,Art 0x00,5,231,2223,0,1325,231,700,,240,,10,,Laufende,
item_k_s7_04_w,58,0x95f9c,0x04,Art 0x04,5,1,614,0,1612,1,690,,100,101,100,,aufgenommen,
item_k_s7_0e_w,50,0x95f9c,0x0e,Art 0x0e,5,1,1339,0,1622,1,689,,100,101,100,,aufgenommen,
item_k_s7_0e_w,58,0x95f9c,0x08,Raketenwerfer (MISSILE),3,1,1048,0,1592,1,290,,240,,240,,Laufende,
## bot (Katalog je Stage, nur Gegenstaende; Behaelter/Truemmer ausgelassen)
lauf,stage,slot,typ,art,name,munition,erscheint,kamera_x,x,tiefe,hoehe,landung,liegezeit_start,liegezeit_null,letzter_frame,frames_belegt,frames_nach_null,ende
item_bot1,1,44,0x5f9c,0x08,Raketenwerfer (MISSILE),3,5060,2048,2352,232,16,5108,700,5808,5899,840,92,abgelaufen
item_bot1,1,53,0x5f9c,0x10,Laser (LASER),4,5060,2048,2320,208,16,5108,700,5808,5899,840,92,abgelaufen
item_bot1,1,58,0x5f9c,0x12,Hammer (HAMMER),6,5060,2048,2384,200,16,5108,700,5808,5899,840,92,abgelaufen
item_bot1,1,30,0x5f9c,0x08,Raketenwerfer (MISSILE),3,6114,2111,2198,200,0,6114,700,,6510,397,,frei (x 2198, Kamera 2175)
item_bot3,3,58,0x5f9c,0x0e,Art 0x0e,5,5553,2805,2943,73,0,5553,700,,5625,73,,aufgenommen
item_bot4,4,55,0x5f9c,0x08,Raketenwerfer (MISSILE),3,872,1280,1401,80,0,872,700,,1290,419,,frei (x 1401, Kamera 1520)
item_bot4,4,56,0x5f9c,0x08,Raketenwerfer (MISSILE),3,996,1280,1470,72,0,996,700,,1290,295,,frei (x 1470, Kamera 1520)
item_bot4,5,50,0x5f9c,0x08,Raketenwerfer (MISSILE),3,7937,0,14208,96,0,,,,8327,391,,Laufende
item_bot4,5,51,0x5f9c,0x0e,Art 0x0e,5,7937,0,14208,32,0,,,,8327,391,,Laufende
item_bot4,5,52,0x5f9c,0x04,Art 0x04,5,7937,0,14080,72,0,,,,8327,391,,Laufende
item_bot4,5,53,0x5f9c,0x22,Art 0x22,0,7937,0,8320,48,0,,,,8327,391,,Laufende
item_bot4,5,54,0x5f9c,0x08,Raketenwerfer (MISSILE),3,7937,0,8192,96,0,,,,8327,391,,Laufende
item_bot4,5,55,0x5f9c,0x04,Art 0x04,5,7937,0,1088,96,0,7937,348,,8327,391,,Laufende
item_bot4,5,56,0x5f9c,0x08,Raketenwerfer (MISSILE),3,7937,0,960,48,0,7937,472,,8327,391,,Laufende
item_bot5,5,50,0x5f9c,0x08,Raketenwerfer (MISSILE),3,1,257,14208,96,0,,,,2422,2422,,frei (x 14718, Kamera 14789)
item_bot5,5,51,0x5f9c,0x0e,Art 0x0e,5,1,257,14208,32,0,,,,2422,2422,,frei (x 14718, Kamera 14789)
item_bot5,5,52,0x5f9c,0x04,Art 0x04,5,1,257,14080,72,0,,,,2401,2401,,frei (x 14590, Kamera 14663)
item_bot5,5,53,0x5f9c,0x22,Art 0x22,0,1,257,8320,48,0,,,,1441,1441,,frei (x 8830, Kamera 8903)
item_bot5,5,54,0x5f9c,0x08,Raketenwerfer (MISSILE),3,1,257,8192,96,0,,,,1420,1420,,frei (x 8705, Kamera 8777)
item_bot5,5,55,0x5f9c,0x04,Art 0x04,5,1,257,1088,96,0,,,,236,236,,frei (x 1601, Kamera 1673)
item_bot5,5,56,0x5f9c,0x08,Raketenwerfer (MISSILE),3,1,257,960,48,0,,,,214,214,,frei (x 1470, Kamera 1541)
item_bot5,5,50,0x5f9c,0x10,Laser (LASER),4,2868,14945,26240,96,0,,,,4890,2023,,frei (x 26747, Kamera 26818)
item_bot5,5,51,0x5f9c,0x04,Art 0x04,5,2868,14945,26112,48,0,,,,4870,2003,,frei (x 26625, Kamera 26698)
item_bot5,5,52,0x5f9c,0x0e,Art 0x0e,5,2868,14945,22784,96,0,,,,4314,1447,,frei (x 23291, Kamera 23362)
item_bot5,5,53,0x5f9c,0x08,Raketenwerfer (MISSILE),3,2868,14945,22656,48,0,,,,4294,1427,,frei (x 23169, Kamera 23242)
item_bot5,5,54,0x5f9c,0x10,Laser (LASER),4,2868,14945,19328,96,0,,,,3738,871,,frei (x 19835, Kamera 19906)
item_bot5,5,55,0x5f9c,0x04,Art 0x04,5,2868,14945,19328,48,0,,,,3738,871,,frei (x 19835, Kamera 19906)
item_bot5,5,56,0x5f9c,0x0e,Art 0x0e,5,2868,14945,17024,88,0,,,,3354,487,,frei (x 17531, Kamera 17602)
item_bot5,5,57,0x5f9c,0x08,Raketenwerfer (MISSILE),3,2868,14945,17024,56,0,,,,3354,487,,frei (x 17531, Kamera 17602)
item_bot6,6,49,0x5f9c,0x08,Raketenwerfer (MISSILE),3,1220,501,605,33,0,1220,700,,1257,38,,aufgenommen
item_bot6,6,49,0x5f9c,0x08,Raketenwerfer (MISSILE),3,1266,501,631,34,66,1300,700,2000,2091,826,92,abgelaufen
item_bot6,6,48,0x5f9c,0x08,Raketenwerfer (MISSILE),3,2228,516,564,46,0,2228,700,,2575,348,,frei (x 564, Kamera 728)
item_bot6,6,49,0x5f9c,0x08,Raketenwerfer (MISSILE),3,3609,857,1006,18,0,3609,700,,3801,193,,aufgenommen
item_bot6,6,44,0x5f9c,0x08,Raketenwerfer (MISSILE),0,3951,858,1213,10,52,,,,4011,61,,frei (x 1151, Kamera 857)
item_bot6,6,58,0x5f9c,0x22,Art 0x22,0,4710,1792,1872,96,0,4759,700,,5175,466,,frei (x 1872, Kamera 2034)
item_bot6,6,59,0x5f9c,0x08,Raketenwerfer (MISSILE),3,7860,2385,2605,93,0,7860,700,,7861,2,,aufgenommen
item_bot6,6,49,0x5f9c,0x08,Raketenwerfer (MISSILE),1,8113,2532,2762,98,52,8144,700,,8424,312,,frei (x 2700, Kamera 2863)
item_bot6,6,58,0x5f9c,0x08,Raketenwerfer (MISSILE),3,8187,2532,2683,101,0,8187,700,,8414,228,,frei (x 2683, Kamera 2845)
item_bot7,7,58,0x5f9c,0x04,Art 0x04,5,148,371,614,1612,43,201,700,901,992,845,92,abgelaufen
item_bot7,7,54,0x5f9c,0x08,Raketenwerfer (MISSILE),3,1302,753,1033,1592,80,1361,700,,1393,92,,aufgenommen
item_bot7,7,58,0x5f9c,0x08,Raketenwerfer (MISSILE),3,1333,753,1048,1592,69,1391,700,2091,2182,850,92,abgelaufen
item_bot7,7,53,0x5f9c,0x08,Raketenwerfer (MISSILE),0,1503,878,1109,1593,52,,,,1563,61,,frei (x 1047, Kamera 892)
item_bot7,7,50,0x5f9c,0x0e,Art 0x0e,5,1736,1098,1339,1622,48,1790,700,2490,2581,846,92,abgelaufen
item_bot7,7,51,0x5f9c,0x00,Art 0x00,5,3513,1425,1541,1541,0,3513,700,,3521,9,,aufgenommen
item_bot7,7,49,0x5f9c,0x00,Art 0x00,4,3615,1425,1565,1544,0,3633,700,,4093,479,,aufgenommen
item_bot7,7,50,0x5f9c,0x04,Art 0x04,5,4017,1425,1449,1523,0,4017,700,,4237,221,,aufgenommen
item_bot7,7,54,0x5f9c,0x00,Art 0x00,3,4238,1425,1455,1518,66,4272,700,,4393,156,,aufgenommen
item_bot7,7,58,0x5f9c,0x04,Art 0x04,5,4377,1425,1535,1518,0,4377,700,,4425,49,,aufgenommen
item_bot7,7,46,0x5f9c,0x04,Art 0x04,4,4394,1425,1538,1516,66,4428,700,5128,5219,826,92,abgelaufen
item_bot7,7,54,0x5f9c,0x00,Art 0x00,2,4426,1425,1544,1512,66,4460,700,5160,5251,826,92,abgelaufen
item_bot7,7,51,0x5f9c,0x04,Art 0x04,5,4451,1425,1574,1512,52,4482,700,5182,5273,823,92,abgelaufen
item_bot7,7,53,0x5f9c,0x08,Raketenwerfer (MISSILE),3,4452,1425,1505,1514,0,4452,700,5153,5244,793,92,abgelaufen
item_bot7,7,50,0x5f9c,0x08,Raketenwerfer (MISSILE),3,5005,1474,1716,1492,0,5005,700,,5475,471,,frei (x 1716, Kamera 1879)
item_bot7,7,52,0x5f9c,0x08,Raketenwerfer (MISSILE),3,5248,1565,1712,1494,0,5248,700,,5473,226,,frei (x 1712, Kamera 1875)
item_bot7,7,48,0x5f9c,0x08,Raketenwerfer (MISSILE),3,5289,1565,1621,1485,0,5289,700,,5421,133,,frei (x 1621, Kamera 1784)
item_bot7,7,55,0x5f9c,0x00,Art 0x00,5,7357,1921,2200,1336,0,7357,700,,7882,526,,frei (x 2200, Kamera 1921)
item_bot7,7,48,0x5f9c,0x00,Art 0x00,5,7540,1921,2102,1321,0,7540,700,,7882,343,,frei (x 2102, Kamera 1921)
item_bot7,7,52,0x5f9c,0x10,Laser (LASER),4,8232,2952,3233,1340,47,8286,700,8986,9077,846,92,abgelaufen
item_bot7,7,51,0x5f9c,0x08,Raketenwerfer (MISSILE),3,8238,2952,3206,1340,90,8299,700,,8302,65,,aufgenommen
item_bot7,7,50,0x5f9c,0x08,Raketenwerfer (MISSILE),3,8319,3015,3247,1329,52,8350,700,,8565,247,,aufgenommen
item_bot7,7,50,0x5f9c,0x08,Raketenwerfer (MISSILE),0,8631,3015,3183,1328,52,8631,485,,8691,61,,frei (x 3121, Kamera 3015)
item_bot7,7,49,0x5f9c,0x08,Raketenwerfer (MISSILE),3,10312,3446,3685,1316,80,10371,700,11071,11162,851,92,abgelaufen
item_bot7,7,52,0x5f9c,0x2c,Art 0x2c,0,10781,3617,3953,1344,16,10829,700,,12881,2101,,frei (x 3953, Kamera 3968)
item_bot7,7,50,0x5f9c,0x08,Raketenwerfer (MISSILE),3,10824,3617,3867,1344,0,10824,700,,11197,374,,aufgenommen
item_bot7,7,50,0x5f9c,0x08,Raketenwerfer (MISSILE),0,11299,3617,3809,1362,52,,,,11359,61,,frei (x 3871, Kamera 3617)
item_bot7,7,59,0x5f9c,0x08,Raketenwerfer (MISSILE),3,11580,3617,3833,1364,0,11580,700,,12209,630,,aufgenommen
item_bot7,7,59,0x5f9c,0x08,Raketenwerfer (MISSILE),3,12224,3617,3799,1365,52,12255,700,,12881,658,,frei (x 3861, Kamera 3968)
item_bot8,8,44,0x5f9c,0x08,Raketenwerfer (MISSILE),3,1805,586,722,34,0,1805,700,,2193,389,,frei (x 722, Kamera 884)
item_bot8,8,45,0x5f9c,0x08,Raketenwerfer (MISSILE),3,2068,676,883,56,0,2068,700,,2285,218,,frei (x 883, Kamera 1045)
item_bot8,8,45,0x5f9c,0x2c,Art 0x2c,0,2534,1121,1465,48,16,2582,700,,3422,889,,frei (x 1465, Kamera 1629)
item_bot8,8,45,0x5f9c,0x2a,Art 0x2a,0,3641,1776,1817,32,16,3641,700,,9460,5820,,frei (x 1817, Kamera 1920)
item_bot8,8,44,0x5f9c,0x24,Art 0x24,0,3745,1776,1830,56,16,3793,700,,9460,5716,,frei (x 1830, Kamera 1920)
item_bot8,8,58,0x5f9c,0x2a,Art 0x2a,0,3953,1776,1830,56,16,4001,700,,9460,5508,,frei (x 1830, Kamera 1920)
item_bot8,8,43,0x5f9c,0x08,Raketenwerfer (MISSILE),3,4753,1885,1905,32,0,4753,700,,5345,593,,aufgenommen
item_bot8,8,43,0x5f9c,0x08,Raketenwerfer (MISSILE),1,5389,1885,1898,27,52,5420,700,6120,6211,823,92,abgelaufen
item_bot8,8,46,0x5f9c,0x08,Raketenwerfer (MISSILE),3,6629,1920,2148,38,0,6629,700,7330,7421,793,92,abgelaufen
item_bot8,8,47,0x5f9c,0x08,Raketenwerfer (MISSILE),3,7071,1920,2231,32,0,7071,700,7772,7863,793,92,abgelaufen
item_bot8,8,42,0x5f9c,0x08,Raketenwerfer (MISSILE),3,7616,1920,2202,10,0,7616,700,8317,8408,793,92,abgelaufen
## aufnahme
lauf,frame,druck,slot,art,name,dx,dz,lp_vorher,lp_nachher,punkte_vorher,punkte_nachher,waffe_vorher,waffe_nachher,munition_nachher,aktion_0x12_frames,figur_status
item_f_essen10,336,335,32,0x20,Brathaehnchen,1,-2,10,72,1780,1780,0,0,0,7,2
item_f_essen40,336,335,32,0x20,Brathaehnchen,1,-2,40,72,1780,1780,0,0,0,7,2
item_f_essen70,336,335,32,0x20,Brathaehnchen,1,-2,70,72,1780,1780,0,0,0,7,2
item_f_essen71,336,335,32,0x20,Brathaehnchen,1,-2,71,72,1780,1780,0,0,0,7,2
item_f_essen72,336,335,32,0x20,Brathaehnchen,1,-2,72,72,1780,2780,0,0,0,7,2
item_f_essen_waffe,256,255,50,0x08,Raketenwerfer (MISSILE),-10,-3,10,10,1770,1770,0,1,3,7,2
item_f_essen_waffe,441,440,32,0x20,Brathaehnchen,1,0,10,72,1780,1780,1,1,2,7,2
item_f_sprung,311,310,50,0x08,Raketenwerfer (MISSILE),20,-3,72,72,1780,1780,0,1,3,7,2
item_f_verlust,301,300,50,0x08,Raketenwerfer (MISSILE),0,-3,72,72,1770,1770,0,1,3,7,2
item_f_waffe,301,300,50,0x08,Raketenwerfer (MISSILE),0,-3,72,72,1770,1770,0,1,3,7,2
item_a_hammer,121,120,58,0x12,Hammer (HAMMER),4,3,72,72,2840,2840,0,1,6,7,2
item_a_tausch,61,60,44,0x08,Raketenwerfer (MISSILE),0,0,72,72,2840,2840,1,1,3,7,2
item_k_s3_0e_w,21,20,58,0x0e,Art 0x0e,0,0,40,40,7880,8180,0,0,0,7,2
item_k_s6_22_lp10,21,20,58,0x22,Art 0x22,0,0,10,65,7330,7330,0,0,0,7,2
item_k_s6_22_lp40,21,20,58,0x22,Art 0x22,0,0,40,72,7330,7330,0,0,0,7,2
item_k_s6_22_lp70,21,20,58,0x22,Art 0x22,0,0,70,72,7330,7330,0,0,0,7,2
item_k_s6_22_lp72,21,20,58,0x22,Art 0x22,0,0,72,72,7330,8130,0,0,0,7,2
item_k_s7_00_w,6,5,55,0x00,Art 0x00,0,0,40,40,8240,8240,0,1,5,7,2
item_k_s7_04_w,101,100,58,0x04,Art 0x04,0,0,40,40,0,0,0,1,5,7,2
item_k_s7_0e_w,101,100,50,0x0e,Art 0x0e,3,0,40,40,1860,2160,0,0,0,7,2
item_k_s7_2c_lp10,13,12,52,0x2c,Art 0x2c,0,0,10,26,13160,13160,0,0,0,7,2
item_k_s7_2c_lp40,13,12,52,0x2c,Art 0x2c,0,0,40,56,13160,13160,0,0,0,7,2
item_k_s7_2c_lp70,13,12,52,0x2c,Art 0x2c,0,0,70,72,13160,13160,0,0,0,7,2
item_k_s7_2c_lp72,13,12,52,0x2c,Art 0x2c,0,0,72,72,13160,13260,0,0,0,7,2
item_k_s8_24_lp10,161,160,44,0x24,Art 0x24,0,0,10,50,7130,7130,0,0,0,7,2
item_k_s8_24_lp40,161,160,44,0x24,Art 0x24,0,0,40,72,7130,7130,0,0,0,7,2
item_k_s8_24_lp70,161,160,44,0x24,Art 0x24,0,0,70,72,7130,7130,0,0,0,7,2
item_k_s8_24_lp72,161,160,44,0x24,Art 0x24,0,0,72,72,7130,7630,0,0,0,7,2
item_k_s8_2a_lp10,161,160,45,0x2a,Art 0x2a,0,0,10,22,6230,6230,0,0,0,7,2
item_k_s8_2a_lp40,161,160,45,0x2a,Art 0x2a,0,0,40,52,6230,6230,0,0,0,7,2
item_k_s8_2a_lp70,161,160,45,0x2a,Art 0x2a,0,0,70,72,6230,6230,0,0,0,7,2
item_k_s8_2a_lp72,161,160,45,0x2a,Art 0x2a,0,0,72,72,6230,6330,0,0,0,7,2
item_k_s8_2c_lp10,161,160,45,0x2c,Art 0x2c,0,0,10,26,3670,3670,0,0,0,7,2
item_k_s8_2c_lp40,161,160,45,0x2c,Art 0x2c,0,0,40,56,3670,3670,0,0,0,7,2
item_k_s8_2c_lp70,161,160,45,0x2c,Art 0x2c,0,0,70,72,3670,3670,0,0,0,7,2
item_k_s8_2c_lp72,161,160,45,0x2c,Art 0x2c,0,0,72,72,3670,3770,0,0,0,7,2
item_save_hammer,121,120,58,0x12,Hammer (HAMMER),4,3,72,72,2840,2840,0,1,6,7,2
item_save_laser,96,95,53,0x10,Laser (LASER),5,3,72,72,2840,2840,0,1,4,7,2
item_save_missile,136,135,44,0x08,Raketenwerfer (MISSILE),4,3,72,72,2840,2840,0,1,3,7,2
## nah (natuerlich, Fassbereich)
lauf,frame,nah,slot,art,figur_x,figur_tiefe,dx_item_minus_figur,dz,blick,aktion
item_f_nah_x,265,1,50,0x08,1556,175,-36,-3,links,0x0
item_f_nah_z,241,1,50,0x08,1555,175,-35,-3,links,0x0
item_f_nah_z,275,0,50,0x08,1520,185,0,-12,links,0x0
item_f_nah_z,332,1,50,0x08,1520,184,0,-12,links,0x0
item_f_nah_z,357,0,50,0x08,1520,159,0,12,links,0x0
item_f_sprung,300,1,50,0x08,1500,175,20,-3,links,0xe
item_f_sprung,311,0,50,0x08,1500,175,20,-3,links,0x12
item_f_sprung,336,1,32,0x20,1500,175,-20,9,links,0x0
## nahsweep (EINGRIFF)
lauf,slot,art,achse,blick,von,bis,ausserhalb_unten,ausserhalb_oben,proben
item_nah_hxl,58,0x12,x,links,-42,18,-43,19,99
item_nah_hxr,58,0x12,x,rechts,-34,18,-35,19,104
item_nah_hzl,58,0x12,z,links,-12,12,-13,13,50
item_nah_hzr,58,0x12,z,rechts,-12,12,-13,13,50
item_nah_lxl,53,0x10,x,links,-28,18,-29,19,99
item_nah_lxr,53,0x10,x,rechts,-20,18,-21,19,104
item_nah_mxl,44,0x08,x,links,-36,18,-37,19,99
item_nah_mxr,44,0x08,x,rechts,-28,18,-29,19,104
## waffe (natuerliche Einsaetze und Sonderfaelle)
lauf,ereignis,frame,druck,rel_druck,wert1,wert2,wert3,wert4,wert5
item_f_waffe,schuss,331,330,1,ende 347 (17 Frames),aktiv -..- (0),attr 0x0000,munition 3->2,figur x 1521 tiefe 175 blick rechts
item_f_waffe,schuss,371,370,1,ende 387 (17 Frames),aktiv -..- (0),attr 0x0000,munition 2->1,figur x 1521 tiefe 175 blick rechts
item_f_waffe,schuss,411,410,1,ende 427 (17 Frames),aktiv -..- (0),attr 0x0000,munition 1->0,figur x 1521 tiefe 175 blick rechts
item_f_waffe,geschoss,417,410,7,block 2 typ 0x1f9c0,start x 1579.00 (figur 1521) hoehe 50 tiefe 175,vx +5.000 px/Frame,boden 438 bei x 1684 (Flugweite 105.0),attr aktiv 438..452 (15; 0x1400) ende 532
item_f_waffe,geschoss,377,370,7,block 3 typ 0x1f9c0,start x 1579.00 (figur 1521) hoehe 50 tiefe 175,vx +5.000 px/Frame,boden 398 bei x 1684 (Flugweite 105.0),attr aktiv 398..412 (15; 0x1400) ende 492
item_f_waffe,geschoss,337,330,7,block 4 typ 0x1f9c0,start x 1579.00 (figur 1521) hoehe 50 tiefe 175,vx +5.000 px/Frame,boden 358 bei x 1684 (Flugweite 105.0),attr aktiv 358..372 (15; 0x1400) ende 452
item_f_waffe,treffer,501,,,slot 44 typ 0x9da2a,schaden 777 (rest 0),dx -41 dz 9,status danach 0x02 (umgeworfen/liegt),figur aktion 0x4 geschoss2 x 1684 h 0 z 175 attr 0x0000
item_f_waffe,waffe_weg,428,,,Munition leer,munition vorher 0,figur status 1 aktion 0x0 lp 72->72,,
item_f_verlust,waffe_weg,479,,,Treffer gegen die Figur,munition vorher 3,figur status 3 aktion 0x6 lp 60->60,,
item_f_essen_waffe,schuss,341,340,1,ende 357 (17 Frames),aktiv -..- (0),attr 0x0000,munition 3->2,figur x 1516 tiefe 175 blick links
item_f_essen_waffe,geschoss,347,340,7,block 4 typ 0x1f9c0,start x 1458.00 (figur 1516) hoehe 50 tiefe 175,vx -5.000 px/Frame,boden 348 bei x 1453 (Flugweite -5.0),attr aktiv 348..362 (15; 0x1400) ende 442
item_f_essen_waffe,treffer,348,,,slot 44 typ 0x9da2a,schaden 777 (rest 0),dx -36 dz 9,status danach 0x02 (umgeworfen/liegt),figur aktion 0x16 geschoss4 x 1453 h 0 z 176 attr 0x1400
item_f_essen_waffe,waffe_weg,469,,,Treffer gegen die Figur,munition vorher 2,figur status 3 aktion 0x6 lp 60->60,,
item_a_hammer,schuss,151,150,1,ende 169 (19 Frames),aktiv 163..168 (6),attr 0x400c,munition 6->6,figur x 2378 tiefe 197 blick links
item_a_hammer,schuss,191,190,1,ende 209 (19 Frames),aktiv 203..208 (6),attr 0x400c,munition 6->6,figur x 2378 tiefe 197 blick links
item_a_hammer,schuss,231,230,1,ende 256 (26 Frames),aktiv 243..255 (13),attr 0x400c,munition 6->5,figur x 2378 tiefe 197 blick links
item_a_hammer,schuss,271,270,1,ende 296 (26 Frames),aktiv 283..295 (13),attr 0x400c,munition 5->4,figur x 2378 tiefe 197 blick links
item_a_hammer,schuss,311,310,1,ende 336 (26 Frames),aktiv 323..335 (13),attr 0x400c,munition 4->3,figur x 2378 tiefe 197 blick links
item_a_hammer,schuss,351,350,1,ende 376 (26 Frames),aktiv 363..375 (13),attr 0x400c,munition 3->2,figur x 2378 tiefe 197 blick links
item_a_hammer,schuss,391,390,1,ende 409 (19 Frames),aktiv 403..408 (6),attr 0x400c,munition 2->2,figur x 2378 tiefe 197 blick links
item_a_hammer,schuss,431,430,1,ende 449 (19 Frames),aktiv 443..448 (6),attr 0x400c,munition 2->2,figur x 2378 tiefe 197 blick links
item_a_hammer,treffer,243,,,slot 16 typ 0x5a97e,schaden 8 (rest 20),dx -67 dz -7,status danach 0x03 (reaktion),figur aktion 0x16
item_a_hammer,treffer,243,,,slot 17 typ 0x5a97e,schaden 8 (rest 20),dx -57 dz -4,status danach 0x03 (reaktion),figur aktion 0x16
item_a_hammer,treffer,283,,,slot 16 typ 0x5a97e,schaden 8 (rest 12),dx -63 dz 6,status danach 0x03 (reaktion),figur aktion 0x16
item_a_hammer,treffer,283,,,slot 17 typ 0x5a97e,schaden 8 (rest 12),dx -48 dz -2,status danach 0x03 (reaktion),figur aktion 0x16
item_a_hammer,treffer,323,,,slot 17 typ 0x5a97e,schaden 8 (rest 4),dx -48 dz -2,status danach 0x03 (reaktion),figur aktion 0x16
item_a_hammer,treffer,363,,,slot 17 typ 0x5a97e,schaden 8 (rest -4),dx -46 dz -2,status danach 0x02 (umgeworfen/liegt),figur aktion 0x16
item_a_hammer,waffe_weg,483,,,Treffer gegen die Figur,munition vorher 2,figur status 3 aktion 0x4 lp 63->63,,
item_a_laser,schuss,6,5,1,ende 30 (25 Frames),aktiv -..- (0),attr 0x0000,munition 4->3,figur x 2313 tiefe 205 blick links
item_a_laser,schuss,46,45,1,ende 70 (25 Frames),aktiv -..- (0),attr 0x0000,munition 3->2,figur x 2313 tiefe 205 blick links
item_a_laser,schuss,86,85,1,ende 110 (25 Frames),aktiv -..- (0),attr 0x0000,munition 2->1,figur x 2313 tiefe 205 blick links
item_a_laser,schuss,126,125,1,ende 150 (25 Frames),aktiv -..- (0),attr 0x0000,munition 1->0,figur x 2313 tiefe 205 blick links
item_a_laser,geschoss,20,5,15,block 0 typ 0x1f9c0,start x 2251.00 (figur 2313) hoehe 52 tiefe 205,vx +0.000 px/Frame,boden - bei x - (Flugweite -),attr aktiv 20..35 (16; 0x0c00) ende 35
item_a_laser,geschoss,52,45,7,block 0 typ 0x1f9c0,start x 2251.00 (figur 2313) hoehe 52 tiefe 205,vx +0.000 px/Frame,boden - bei x - (Flugweite -),attr aktiv 52..67 (16; 0x0c00) ende 67
item_a_laser,geschoss,100,85,15,block 0 typ 0x1f9c0,start x 2251.00 (figur 2313) hoehe 52 tiefe 205,vx +0.000 px/Frame,boden - bei x - (Flugweite -),attr aktiv 100..115 (16; 0x0c00) ende 115
item_a_laser,geschoss,132,125,7,block 0 typ 0x1f9c0,start x 2251.00 (figur 2313) hoehe 52 tiefe 205,vx +0.000 px/Frame,boden - bei x - (Flugweite -),attr aktiv 132..147 (16; 0x0c00) ende 147
item_a_laser,geschoss,18,5,13,block 1 typ 0x1f9c0,start x 2251.00 (figur 2313) hoehe 52 tiefe 205,vx +0.000 px/Frame,boden - bei x - (Flugweite -),attr aktiv 18..33 (16; 0x0c00) ende 33
item_a_laser,geschoss,54,45,9,block 1 typ 0x1f9c0,start x 2251.00 (figur 2313) hoehe 52 tiefe 205,vx +0.000 px/Frame,boden - bei x - (Flugweite -),attr aktiv 54..69 (16; 0x0c00) ende 69
item_a_laser,geschoss,98,85,13,block 1 typ 0x1f9c0,start x 2251.00 (figur 2313) hoehe 52 tiefe 205,vx +0.000 px/Frame,boden - bei x - (Flugweite -),attr aktiv 98..113 (16; 0x0c00) ende 113
item_a_laser,geschoss,134,125,9,block 1 typ 0x1f9c0,start x 2251.00 (figur 2313) hoehe 52 tiefe 205,vx +0.000 px/Frame,boden - bei x - (Flugweite -),attr aktiv 134..149 (16; 0x0c00) ende 149
item_a_laser,geschoss,16,5,11,block 2 typ 0x1f9c0,start x 2251.00 (figur 2313) hoehe 52 tiefe 205,vx +0.000 px/Frame,boden - bei x - (Flugweite -),attr aktiv 16..31 (16; 0x0c00) ende 31
item_a_laser,geschoss,56,45,11,block 2 typ 0x1f9c0,start x 2251.00 (figur 2313) hoehe 52 tiefe 205,vx +0.000 px/Frame,boden - bei x - (Flugweite -),attr aktiv 56..71 (16; 0x0c00) ende 71
item_a_laser,geschoss,96,85,11,block 2 typ 0x1f9c0,start x 2251.00 (figur 2313) hoehe 52 tiefe 205,vx +0.000 px/Frame,boden - bei x - (Flugweite -),attr aktiv 96..111 (16; 0x0c00) ende 111
item_a_laser,geschoss,136,125,11,block 2 typ 0x1f9c0,start x 2251.00 (figur 2313) hoehe 52 tiefe 205,vx +0.000 px/Frame,boden - bei x - (Flugweite -),attr aktiv 136..151 (16; 0x0c00) ende 151
item_a_laser,geschoss,14,5,9,block 3 typ 0x1f9c0,start x 2251.00 (figur 2313) hoehe 52 tiefe 205,vx +0.000 px/Frame,boden - bei x - (Flugweite -),attr aktiv 14..29 (16; 0x0c00) ende 29
item_a_laser,geschoss,58,45,13,block 3 typ 0x1f9c0,start x 2251.00 (figur 2313) hoehe 52 tiefe 205,vx +0.000 px/Frame,boden - bei x - (Flugweite -),attr aktiv 58..73 (16; 0x0c00) ende 73
item_a_laser,geschoss,94,85,9,block 3 typ 0x1f9c0,start x 2251.00 (figur 2313) hoehe 52 tiefe 205,vx +0.000 px/Frame,boden - bei x - (Flugweite -),attr aktiv 94..109 (16; 0x0c00) ende 109
item_a_laser,geschoss,138,125,13,block 3 typ 0x1f9c0,start x 2251.00 (figur 2313) hoehe 52 tiefe 205,vx +0.000 px/Frame,boden - bei x - (Flugweite -),attr aktiv 138..153 (16; 0x0c00) ende 153
item_a_laser,geschoss,12,5,7,block 4 typ 0x1f9c0,start x 2251.00 (figur 2313) hoehe 52 tiefe 205,vx +0.000 px/Frame,boden - bei x - (Flugweite -),attr aktiv 12..27 (16; 0x0c00) ende 27
item_a_laser,geschoss,60,45,15,block 4 typ 0x1f9c0,start x 2251.00 (figur 2313) hoehe 52 tiefe 205,vx +0.000 px/Frame,boden - bei x - (Flugweite -),attr aktiv 60..75 (16; 0x0c00) ende 75
item_a_laser,geschoss,92,85,7,block 4 typ 0x1f9c0,start x 2251.00 (figur 2313) hoehe 52 tiefe 205,vx +0.000 px/Frame,boden - bei x - (Flugweite -),attr aktiv 92..107 (16; 0x0c00) ende 107
item_a_laser,geschoss,140,125,15,block 4 typ 0x1f9c0,start x 2251.00 (figur 2313) hoehe 52 tiefe 205,vx +0.000 px/Frame,boden - bei x - (Flugweite -),attr aktiv 140..155 (16; 0x0c00) ende 155
item_a_laser,treffer,15,,,slot 16 typ 0x5a97e,schaden 6 (rest 22),dx -117 dz -2,status danach 0x02 (umgeworfen/liegt),figur aktion 0x16 geschoss3 x 2251 h 52 z 205 attr 0x0c00 geschoss4 x 2219 h 52 z 205 attr 0x0c00
item_a_laser,treffer,104,,,slot 16 typ 0x5a97e,schaden 6 (rest 16),dx -252 dz -2,status danach 0x02 (umgeworfen/liegt),figur aktion 0x16 geschoss0 x 2203 h 52 z 205 attr 0x0c00 geschoss1 x 2171 h 52 z 205 attr 0x0c00 geschoss2 x 2139 h 52 z 205 attr 0x0c00 geschoss3 x 2107 h 52 z 205 attr 0x0c00 geschoss4 x 2075 h 52 z 205 attr 0x0c00
item_a_laser,treffer,135,,,slot 17 typ 0x5a97e,schaden 6 (rest 22),dx -123 dz -6,status danach 0x02 (umgeworfen/liegt),figur aktion 0x16 geschoss0 x 2219 h 52 z 205 attr 0x0c00 geschoss1 x 2251 h 52 z 205 attr 0x0c00
item_a_laser,waffe_weg,151,,,Munition leer,munition vorher 0,figur status 1 aktion 0x0 lp 72->72,,
item_a_tausch,schuss,91,90,1,ende 107 (17 Frames),aktiv -..- (0),attr 0x0000,munition 3->2,figur x 2352 tiefe 229 blick links
item_a_tausch,geschoss,97,90,7,block 4 typ 0x1f9c0,start x 2294.00 (figur 2352) hoehe 50 tiefe 229,vx -5.000 px/Frame,boden 118 bei x 2189 (Flugweite -105.0),attr aktiv 118..120 (3; 0x1400) ende 120
item_w_multi_h,schuss,4,3,1,ende 50 (47 Frames),aktiv 16..50 (35),attr 0x400c,munition 6->5,figur x 2380 tiefe 197 blick rechts
item_w_multi_h,treffer,16,,,slot 16 typ 0x5a97e,schaden 8 (rest 92),dx 40 dz 0,status danach 0x03 (reaktion),figur aktion 0x16
item_w_multi_h,treffer,16,,,slot 17 typ 0x5a97e,schaden 8 (rest 92),dx 110 dz 0,status danach 0x03 (reaktion),figur aktion 0x16
item_w_multi_l,schuss,4,3,1,ende 50 (47 Frames),aktiv -..- (0),attr 0x0000,munition 4->4,figur x 2315 tiefe 205 blick rechts
item_w_multi_l,geschoss,16,3,13,block 1 typ 0x1f9c0,start x 0.00 (figur 2315) hoehe 0 tiefe 205,vx +0.000 px/Frame,boden 16 bei x 0 (Flugweite 0.0),attr aktiv -..- (0; 0x0000) ende 50
item_w_multi_l,geschoss,14,3,11,block 2 typ 0x1f9c0,start x 2377.00 (figur 2315) hoehe 52 tiefe 205,vx +0.000 px/Frame,boden - bei x - (Flugweite -),attr aktiv 14..50 (37; 0x0c00) ende 50
item_w_multi_l,geschoss,12,3,9,block 3 typ 0x1f9c0,start x 2377.00 (figur 2315) hoehe 52 tiefe 205,vx +0.000 px/Frame,boden - bei x - (Flugweite -),attr aktiv 12..50 (39; 0x0c00) ende 50
item_w_multi_l,geschoss,10,3,7,block 4 typ 0x1f9c0,start x 2377.00 (figur 2315) hoehe 52 tiefe 205,vx +0.000 px/Frame,boden - bei x - (Flugweite -),attr aktiv 10..50 (41; 0x0c00) ende 50
item_w_multi_l,treffer,10,,,slot 16 typ 0x5a97e,schaden 6 (rest 94),dx 80 dz 0,status danach 0x02 (umgeworfen/liegt),figur aktion 0x16 geschoss4 x 2377 h 52 z 205 attr 0x0c00
item_w_multi_m,schuss,4,3,1,ende 20 (17 Frames),aktiv -..- (0),attr 0x0000,munition 3->2,figur x 2348 tiefe 226 blick rechts
item_w_multi_m,geschoss,10,3,7,block 4 typ 0x1f9c0,start x 2406.00 (figur 2348) hoehe 50 tiefe 226,vx +5.000 px/Frame,boden 29 bei x 2498 (Flugweite 92.0),attr aktiv 29..60 (32; 0x1400) ende 60
item_w_multi_m,treffer,29,,,slot 17 typ 0x5a97e,schaden 8 (rest 92),dx 147 dz 3,status danach 0x02 (umgeworfen/liegt),figur aktion 0x0 geschoss4 x 2498 h 0 z 226 attr 0x1400
item_w_multi_m,treffer,30,,,slot 16 typ 0x5a97e,schaden 8 (rest 92),dx 100 dz 0,status danach 0x02 (umgeworfen/liegt),figur aktion 0x0 geschoss4 x 2498 h 0 z 226 attr 0x1400
item_w_sprung,schuss,121,120,1,ende 137 (17 Frames),aktiv -..- (0),attr 0x0000,munition 3->2,figur x 2348 tiefe 226 blick rechts
item_w_sprung,geschoss,127,120,7,block 4 typ 0x1f9c0,start x 2406.00 (figur 2348) hoehe 50 tiefe 226,vx +5.000 px/Frame,boden 146 bei x 2498 (Flugweite 92.0),attr aktiv 146..160 (15; 0x1400) ende 160
item_w_sprung_h,schuss,121,120,1,ende 139 (19 Frames),aktiv 133..138 (6),attr 0x400c,munition 6->6,figur x 2380 tiefe 197 blick rechts
item_k_s7_00_w,schuss,21,20,1,ende 37 (17 Frames),aktiv -..- (0),attr 0x0000,munition 5->4,figur x 2200 tiefe 1336 blick links
item_k_s7_00_w,schuss,61,60,1,ende 77 (17 Frames),aktiv -..- (0),attr 0x0000,munition 4->3,figur x 2200 tiefe 1336 blick links
item_k_s7_00_w,schuss,101,100,1,ende 117 (17 Frames),aktiv -..- (0),attr 0x0000,munition 3->2,figur x 2200 tiefe 1336 blick links
item_k_s7_00_w,schuss,141,140,1,ende 157 (17 Frames),aktiv -..- (0),attr 0x0000,munition 2->1,figur x 2200 tiefe 1336 blick links
item_k_s7_00_w,schuss,181,180,1,ende 197 (17 Frames),aktiv -..- (0),attr 0x0000,munition 1->0,figur x 2200 tiefe 1336 blick links
item_k_s7_00_w,geschoss,27,20,7,block 4 typ 0x1f9c0,start x 2152.00 (figur 2200) hoehe 54 tiefe 1336,vx -8.000 px/Frame,boden - bei x - (Flugweite -),attr aktiv 27..32 (6; 0x0c00) ende 44
item_k_s7_00_w,geschoss,67,60,7,block 4 typ 0x1f9c0,start x 2152.00 (figur 2200) hoehe 54 tiefe 1336,vx -8.000 px/Frame,boden - bei x - (Flugweite -),attr aktiv 67..98 (32; 0x0c00) ende 98
item_k_s7_00_w,geschoss,107,100,7,block 4 typ 0x1f9c0,start x 2152.00 (figur 2200) hoehe 54 tiefe 1336,vx -8.000 px/Frame,boden - bei x - (Flugweite -),attr aktiv 107..138 (32; 0x0c00) ende 138
item_k_s7_00_w,geschoss,147,140,7,block 4 typ 0x1f9c0,start x 2152.00 (figur 2200) hoehe 54 tiefe 1336,vx -8.000 px/Frame,boden - bei x - (Flugweite -),attr aktiv 147..178 (32; 0x0c00) ende 178
item_k_s7_00_w,geschoss,187,180,7,block 4 typ 0x1f9c0,start x 2152.00 (figur 2200) hoehe 54 tiefe 1336,vx -8.000 px/Frame,boden - bei x - (Flugweite -),attr aktiv 187..187 (1; 0x0c00) ende 199
item_k_s7_00_w,treffer,32,,,slot 15 typ 0x60ca0,schaden 6 (rest -5),dx -118 dz -9,status danach 0x02 (umgeworfen/liegt),figur aktion 0x16 geschoss4 x 2112 h 54 z 1336 attr 0x0c00
item_k_s7_00_w,treffer,187,,,slot 17 typ 0x64e7a,schaden 6 (rest -5),dx -63 dz 6,status danach 0x02 (umgeworfen/liegt),figur aktion 0x16 geschoss4 x 2152 h 54 z 1336 attr 0x0c00
item_k_s7_00_w,waffe_weg,198,,,Munition leer,munition vorher 0,figur status 1 aktion 0x0 lp 40->40,,
item_k_s7_04_w,schuss,141,140,1,ende 177 (37 Frames),aktiv -..- (0),attr 0x0000,munition 5->4,figur x 614 tiefe 1612 blick rechts
item_k_s7_04_w,geschoss,162,140,22,block 1 typ 0x1f9c0,start x 688.00 (figur 614) hoehe 54 tiefe 1612,vx +10.000 px/Frame,boden - bei x - (Flugweite -),attr aktiv 162..175 (14; 0x0c00) ende 175
item_k_s7_04_w,geschoss,157,140,17,block 2 typ 0x1f9c0,start x 688.00 (figur 614) hoehe 54 tiefe 1612,vx +10.000 px/Frame,boden - bei x - (Flugweite -),attr aktiv 157..170 (14; 0x0c00) ende 170
item_k_s7_04_w,geschoss,152,140,12,block 3 typ 0x1f9c0,start x 688.00 (figur 614) hoehe 54 tiefe 1612,vx +10.000 px/Frame,boden - bei x - (Flugweite -),attr aktiv 152..158 (7; 0x0c00) ende 170
item_k_s7_04_w,geschoss,147,140,7,block 4 typ 0x1f9c0,start x 688.00 (figur 614) hoehe 54 tiefe 1612,vx +10.000 px/Frame,boden - bei x - (Flugweite -),attr aktiv 147..149 (3; 0x0c00) ende 161
item_k_s7_04_w,geschoss,167,140,27,block 4 typ 0x1f9c0,start x 688.00 (figur 614) hoehe 54 tiefe 1612,vx +10.000 px/Frame,boden - bei x - (Flugweite -),attr aktiv 167..180 (14; 0x0c00) ende 180
item_k_s7_04_w,treffer,149,,,slot 13 typ 0x6c660,schaden 8 (rest 18),dx 116 dz 5,status danach 0x02 (umgeworfen/liegt),figur aktion 0x16 geschoss4 x 708 h 54 z 1612 attr 0x0c00
item_k_s7_04_w,treffer,158,,,slot 18 typ 0x6c660,schaden 8 (rest 20),dx 151 dz -7,status danach 0x02 (umgeworfen/liegt),figur aktion 0x16 geschoss2 x 698 h 54 z 1612 attr 0x0c00 geschoss3 x 748 h 54 z 1612 attr 0x0c00 geschoss4 x 718 h 54 z 1612 attr 0x0000
## reichweite (EINGRIFF)
lauf,blick,druck,slot,typ,dx,dz,treffer,schaden,trefferframe_rel_druck,status_danach
item_ham_a16_x124,rechts,3,16,0x5a97e,124,0,ja,8,13,3
item_ham_a16_x124,rechts,3,19,0x46da4,315,16,nein,,,
item_ham_a16_x125,rechts,3,16,0x5a97e,125,0,nein,,,
item_ham_a16_x125,rechts,3,19,0x46da4,315,16,nein,,,
item_ham_a16_x26,rechts,3,16,0x5a97e,26,0,nein,,,
item_ham_a16_x26,rechts,3,19,0x46da4,315,16,nein,,,
item_ham_a16_x27,rechts,3,16,0x5a97e,27,0,ja,8,13,3
item_ham_a16_x27,rechts,3,19,0x46da4,315,16,nein,,,
item_ham_a16_z-12,rechts,3,16,0x5a97e,60,-12,ja,8,13,3
item_ham_a16_z-12,rechts,3,19,0x46da4,315,16,nein,,,
item_ham_a16_z-13,rechts,3,16,0x5a97e,60,-13,nein,,,
item_ham_a16_z-13,rechts,3,19,0x46da4,315,16,nein,,,
item_ham_a16_z12,rechts,3,16,0x5a97e,60,12,ja,8,13,3
item_ham_a16_z12,rechts,3,19,0x46da4,315,16,nein,,,
item_ham_a16_z13,rechts,3,16,0x5a97e,60,13,nein,,,
item_ham_a16_z13,rechts,3,19,0x46da4,315,16,nein,,,
item_ham_a17_x124,rechts,3,17,0x5a97e,124,0,ja,8,13,3
item_ham_a17_x124,rechts,3,19,0x46da4,315,16,nein,,,
item_ham_a17_x125,rechts,3,17,0x5a97e,125,0,nein,,,
item_ham_a17_x125,rechts,3,19,0x46da4,315,16,nein,,,
item_ham_a17_x26,rechts,3,17,0x5a97e,26,0,nein,,,
item_ham_a17_x26,rechts,3,19,0x46da4,315,16,nein,,,
item_ham_a17_x27,rechts,3,17,0x5a97e,27,0,ja,8,13,3
item_ham_a17_x27,rechts,3,19,0x46da4,315,16,nein,,,
item_ham_b16_x-147,links,8,16,0x5a97e,-147,0,ja,8,13,3
item_ham_b16_x-147,links,8,19,0x46da4,317,15,nein,,,
item_ham_b16_x-148,links,8,16,0x5a97e,-148,0,nein,,,
item_ham_b16_x-148,links,8,19,0x46da4,317,15,nein,,,
item_ham_b16_x-25,links,8,16,0x5a97e,-25,0,nein,,,
item_ham_b16_x-25,links,8,19,0x46da4,317,15,nein,,,
item_ham_b16_x-26,links,8,16,0x5a97e,-26,0,ja,8,13,3
item_ham_b16_x-26,links,8,19,0x46da4,317,15,nein,,,
item_ham_b17_x-147,links,8,17,0x5a97e,-147,0,ja,8,13,3
item_ham_b17_x-147,links,8,19,0x46da4,317,15,nein,,,
item_ham_b17_x-148,links,8,17,0x5a97e,-148,0,nein,,,
item_ham_b17_x-148,links,8,19,0x46da4,317,15,nein,,,
item_ham_b17_x-25,links,8,17,0x5a97e,-25,0,nein,,,
item_ham_b17_x-25,links,8,19,0x46da4,317,15,nein,,,
item_ham_b17_x-26,links,8,17,0x5a97e,-26,0,ja,8,13,3
item_ham_b17_x-26,links,8,19,0x46da4,317,15,nein,,,
item_ham_b17_z-12,links,8,17,0x5a97e,-80,-12,ja,8,13,3
item_ham_b17_z-12,links,8,19,0x46da4,317,15,nein,,,
item_ham_b17_z-13,links,8,17,0x5a97e,-80,-13,nein,,,
item_ham_b17_z-13,links,8,19,0x46da4,317,15,nein,,,
item_ham_b17_z12,links,8,17,0x5a97e,-80,12,ja,8,13,3
item_ham_b17_z12,links,8,19,0x46da4,317,15,nein,,,
item_ham_b17_z13,links,8,17,0x5a97e,-80,13,nein,,,
item_ham_b17_z13,links,8,19,0x46da4,317,15,nein,,,
item_las_a16_x191,rechts,3,16,0x5a97e,191,0,ja,6,14,2
item_las_a16_x191,rechts,3,19,0x46da4,383,16,nein,,,
item_las_a16_x192,rechts,3,16,0x5a97e,192,0,nein,,,
item_las_a16_x192,rechts,3,19,0x46da4,383,16,nein,,,
item_las_a16_x51,rechts,3,16,0x5a97e,51,0,nein,,,
item_las_a16_x51,rechts,3,19,0x46da4,383,16,nein,,,
item_las_a16_x52,rechts,3,16,0x5a97e,52,0,ja,6,7,2
item_las_a16_x52,rechts,3,19,0x46da4,383,16,nein,,,
item_las_a16_z-12,rechts,3,16,0x5a97e,130,-12,ja,6,11,2
item_las_a16_z-12,rechts,3,19,0x46da4,383,16,nein,,,
item_las_a16_z-13,rechts,3,16,0x5a97e,130,-13,nein,,,
item_las_a16_z-13,rechts,3,19,0x46da4,383,16,nein,,,
item_las_a16_z12,rechts,3,16,0x5a97e,130,12,ja,6,11,2
item_las_a16_z12,rechts,3,19,0x46da4,383,16,nein,,,
item_las_a16_z13,rechts,3,16,0x5a97e,130,13,nein,,,
item_las_a16_z13,rechts,3,19,0x46da4,383,16,nein,,,
item_las_b17_x-150,links,8,17,0x5a97e,-150,0,ja,6,12,2
item_las_b17_x-150,links,8,19,0x46da4,385,16,nein,,,
item_las_b17_x-250,links,8,17,0x5a97e,-250,0,ja,6,18,2
item_las_b17_x-250,links,8,19,0x46da4,385,16,nein,,,
item_las_b17_x-310,links,8,17,0x5a97e,-310,0,ja,6,22,2
item_las_b17_x-310,links,8,19,0x46da4,385,16,nein,,,
item_las_b17_x-50,links,8,17,0x5a97e,-50,0,nein,,,
item_las_b17_x-50,links,8,19,0x46da4,385,16,nein,,,
item_las_b17_x-51,links,8,17,0x5a97e,-51,0,ja,6,7,2
item_las_b17_x-51,links,8,19,0x46da4,385,16,nein,,,
item_las_b17_x-52,links,8,17,0x5a97e,-52,0,ja,6,7,2
item_las_b17_x-52,links,8,19,0x46da4,385,16,nein,,,
item_las_b17_z-12,links,8,17,0x5a97e,-100,-12,ja,6,9,2
item_las_b17_z-12,links,8,19,0x46da4,385,16,nein,,,
item_las_b17_z-13,links,8,17,0x5a97e,-100,-13,nein,,,
item_las_b17_z-13,links,8,19,0x46da4,385,16,nein,,,
item_las_b17_z12,links,8,17,0x5a97e,-100,12,ja,6,9,2
item_las_b17_z12,links,8,19,0x46da4,385,16,nein,,,
item_las_b17_z13,links,8,17,0x5a97e,-100,13,nein,,,
item_las_b17_z13,links,8,19,0x46da4,385,16,nein,,,
item_las_c16_x150,rechts,68,16,0x5a97e,150,0,ja,6,13,2
item_las_c16_x200,rechts,68,16,0x5a97e,200,0,ja,6,16,2
item_las_c16_x250,rechts,68,16,0x5a97e,247,0,ja,6,19,2
item_las_c16_x290,rechts,68,16,0x5a97e,287,0,ja,6,20,2
item_mis_a16_x100,rechts,3,16,0x5a97e,100,0,ja,8,26,2
item_mis_a16_x100,rechts,3,19,0x46da4,350,-6,nein,,,
item_mis_a16_x150,rechts,3,16,0x5a97e,150,0,ja,8,26,2
item_mis_a16_x150,rechts,3,19,0x46da4,350,-6,nein,,,
item_mis_a16_x191,rechts,3,16,0x5a97e,191,0,ja,8,26,2
item_mis_a16_x191,rechts,3,19,0x46da4,350,-6,nein,,,
item_mis_a16_x192,rechts,3,16,0x5a97e,192,0,nein,,,
item_mis_a16_x192,rechts,3,19,0x46da4,350,-6,nein,,,
item_mis_a16_x59,rechts,3,16,0x5a97e,59,0,nein,,,
item_mis_a16_x59,rechts,3,19,0x46da4,350,-6,nein,,,
item_mis_a16_x60,rechts,3,16,0x5a97e,60,0,ja,8,26,2
item_mis_a16_x60,rechts,3,19,0x46da4,350,-6,nein,,,
item_mis_a16_z-28,rechts,3,16,0x5a97e,150,-28,ja,8,26,2
item_mis_a16_z-28,rechts,3,19,0x46da4,350,-6,nein,,,
item_mis_a16_z-29,rechts,3,16,0x5a97e,150,-29,nein,,,
item_mis_a16_z-29,rechts,3,19,0x46da4,350,-6,nein,,,
item_mis_a16_z28,rechts,40,16,0x5a97e,148,27,ja,8,28,2
item_mis_a16_z28,rechts,40,19,0x46da4,352,22,nein,,,
item_mis_a16_z29,rechts,40,16,0x5a97e,148,28,ja,8,28,2
item_mis_a16_z29,rechts,40,19,0x46da4,352,22,nein,,,
item_mis_b17_x-150,links,8,17,0x5a97e,-148,0,ja,8,28,2
item_mis_b17_x-150,links,8,19,0x46da4,352,-6,nein,,,
item_mis_b17_x-252,links,8,17,0x5a97e,-250,0,ja,8,28,2
item_mis_b17_x-252,links,8,19,0x46da4,352,-6,nein,,,
item_mis_b17_x-258,links,8,17,0x5a97e,-256,0,nein,,,
item_mis_b17_x-258,links,8,19,0x46da4,352,-6,nein,,,
item_mis_b17_x-90,links,8,17,0x5a97e,-88,0,nein,,,
item_mis_b17_x-90,links,8,19,0x46da4,352,-6,nein,,,
item_mis_b17_x-92,links,8,17,0x5a97e,-90,0,nein,,,
item_mis_b17_x-92,links,8,19,0x46da4,352,-6,nein,,,
item_mis_b17_x-94,links,8,17,0x5a97e,-92,0,nein,,,
item_mis_b17_x-94,links,8,19,0x46da4,352,-6,nein,,,
item_mis_b17_x-96,links,8,17,0x5a97e,-94,0,nein,,,
item_mis_b17_x-96,links,8,19,0x46da4,352,-6,nein,,,
item_mis_b17_x-98,links,8,17,0x5a97e,-96,0,ja,8,28,2
item_mis_b17_x-98,links,8,19,0x46da4,352,-6,nein,,,
item_mis_b17_z-28,links,8,17,0x5a97e,-148,-28,ja,8,28,2
item_mis_b17_z-28,links,8,19,0x46da4,352,-6,nein,,,
item_mis_b17_z-29,links,8,17,0x5a97e,-148,-29,nein,,,
item_mis_b17_z-29,links,8,19,0x46da4,352,-6,nein,,,
item_mis_b17_z28,links,40,17,0x5a97e,-150,26,ja,8,28,2
item_mis_b17_z28,links,40,19,0x46da4,354,22,nein,,,
item_mis_b17_z29,links,40,17,0x5a97e,-150,27,ja,8,28,2
item_mis_b17_z29,links,40,19,0x46da4,354,22,nein,,,
item_w_multi_h,rechts,3,16,0x5a97e,40,0,ja,8,13,3
item_w_multi_h,rechts,3,17,0x5a97e,110,0,ja,8,13,3
item_w_multi_h,rechts,3,19,0x46da4,315,16,nein,,,
item_w_multi_l,rechts,3,16,0x5a97e,80,0,ja,6,7,2
item_w_multi_l,rechts,3,17,0x5a97e,150,0,nein,,,
item_w_multi_l,rechts,3,19,0x46da4,383,16,nein,,,
item_w_multi_m,rechts,3,16,0x5a97e,100,0,ja,8,27,2
item_w_multi_m,rechts,3,17,0x5a97e,147,3,ja,8,26,2
item_w_multi_m,rechts,3,19,0x46da4,350,-6,nein,,,
## punkte (Einzellaeufe)
lauf,frame,punkte_vorher,punkte_nachher,differenz,ereignisse
item_f_essen10,193,1760,1770,10,f192 slot43 typ 0x9da2a max 0 -3 rest 774 stufe 0
item_f_essen10,273,1770,1780,10,f272 slot44 typ 0x9da2a max 0 -3 rest 774 stufe 0
item_f_essen40,193,1760,1770,10,f192 slot43 typ 0x9da2a max 0 -3 rest 774 stufe 0
item_f_essen40,273,1770,1780,10,f272 slot44 typ 0x9da2a max 0 -3 rest 774 stufe 0
item_f_essen70,193,1760,1770,10,f192 slot43 typ 0x9da2a max 0 -3 rest 774 stufe 0
item_f_essen70,273,1770,1780,10,f272 slot44 typ 0x9da2a max 0 -3 rest 774 stufe 0
item_f_essen71,193,1760,1770,10,f192 slot43 typ 0x9da2a max 0 -3 rest 774 stufe 0
item_f_essen71,273,1770,1780,10,f272 slot44 typ 0x9da2a max 0 -3 rest 774 stufe 0
item_f_essen72,193,1760,1770,10,f192 slot43 typ 0x9da2a max 0 -3 rest 774 stufe 0
item_f_essen72,273,1770,1780,10,f272 slot44 typ 0x9da2a max 0 -3 rest 774 stufe 0
item_f_essen72,336,1780,2780,1000,f336 aufnahme
item_f_essen_waffe,193,1760,1770,10,f192 slot43 typ 0x9da2a max 0 -3 rest 774 stufe 0
item_f_essen_waffe,349,1770,1780,10,f348 slot44 typ 0x9da2a max 0 -777 rest 0 stufe 0
item_f_fass,193,1760,1770,10,f192 slot43 typ 0x9da2a max 0 -3 rest 774 stufe 0
item_f_fass,273,1770,1780,10,f272 slot44 typ 0x9da2a max 0 -3 rest 774 stufe 0
item_f_nah_x,193,1760,1770,10,f192 slot43 typ 0x9da2a max 0 -3 rest 774 stufe 0
item_f_nah_z,193,1760,1770,10,f192 slot43 typ 0x9da2a max 0 -3 rest 774 stufe 0
item_f_scroll,193,1760,1770,10,f192 slot43 typ 0x9da2a max 0 -3 rest 774 stufe 0
item_f_sprung,193,1760,1770,10,f192 slot43 typ 0x9da2a max 0 -3 rest 774 stufe 0
item_f_sprung,287,1770,1780,10,f286 slot44 typ 0x9da2a max 0 -7 rest 770 stufe 1
item_f_verlust,193,1760,1770,10,f192 slot43 typ 0x9da2a max 0 -3 rest 774 stufe 0
item_f_waffe,193,1760,1770,10,f192 slot43 typ 0x9da2a max 0 -3 rest 774 stufe 0
item_a_hammer,244,2840,2860,20,f243 slot16 typ 0x5a97e max 28 -8 rest 20 stufe 0 | f243 slot17 typ 0x5a97e max 28 -8 rest 20 stufe 0
item_a_hammer,284,2860,2880,20,f283 slot16 typ 0x5a97e max 28 -8 rest 12 stufe 0 | f283 slot17 typ 0x5a97e max 28 -8 rest 12 stufe 0
item_a_hammer,324,2880,2890,10,f323 slot17 typ 0x5a97e max 28 -8 rest 4 stufe 0
item_a_hammer,364,2890,2970,80,f363 slot17 typ 0x5a97e max 28 -8 rest -4 stufe 0 | f364 slot17 besiegt
item_a_laser,16,2840,2880,40,f15 slot16 typ 0x5a97e max 28 -6 rest 22 stufe 0
item_a_laser,105,2880,2920,40,f104 slot16 typ 0x5a97e max 28 -6 rest 16 stufe 0
item_a_laser,136,2920,2940,20,f135 slot17 typ 0x5a97e max 28 -6 rest 22 stufe 0
item_a_liegen,802,2840,2870,30,f801 slot16 typ 0x5a97e max 28 -5 rest 23 stufe 0 | f801 slot17 typ 0x5a97e max 28 -5 rest 23 stufe 0 | f801 slot19 typ 0x46da4 max 72 -10 rest 100 stufe 0
item_w_multi_h,17,2840,2860,20,f16 slot16 typ 0x5a97e max 28 -8 rest 92 stufe 0 | f16 slot17 typ 0x5a97e max 28 -8 rest 92 stufe 0
item_w_multi_l,11,2840,2880,40,f10 slot16 typ 0x5a97e max 28 -6 rest 94 stufe 0
item_w_multi_m,30,2840,2860,20,f29 slot17 typ 0x5a97e max 28 -8 rest 92 stufe 0 | f30 slot16 typ 0x5a97e max 28 -8 rest 92 stufe 0
item_w_multi_m,31,2860,2900,40,f29 slot17 typ 0x5a97e max 28 -8 rest 92 stufe 0 | f30 slot16 typ 0x5a97e max 28 -8 rest 92 stufe 0
item_k_s3_0e_w,21,7880,8180,300,f21 aufnahme
item_k_s3_0e_w,63,8180,8190,10,f62 slot19 typ 0x70430 max 28 -3 rest 25 stufe 0 | f63 slot16 typ 0x6c660 max 30 -3 rest -2 stufe 0
item_k_s3_0e_w,64,8190,8290,100,f62 slot19 typ 0x70430 max 28 -3 rest 25 stufe 0 | f63 slot16 typ 0x6c660 max 30 -3 rest -2 stufe 0 | f64 slot16 besiegt
item_k_s3_0e_w,103,8290,8300,10,f102 slot19 typ 0x70430 max 28 -3 rest 22 stufe 0
item_k_s6_22_lp72,21,7330,8130,800,f21 aufnahme
item_k_s7_00_w,33,8240,8340,100,f32 slot15 typ 0x60ca0 max 38 -6 rest -5 stufe 1 | f33 slot15 besiegt
item_k_s7_00_w,188,8340,8440,100,f187 slot17 typ 0x64e7a max 25 -6 rest -5 stufe 1 | f188 slot17 besiegt
item_k_s7_04_w,150,0,10,10,f149 slot13 typ 0x6c660 max 26 -8 rest 18 stufe 0
item_k_s7_04_w,159,10,20,10,f158 slot18 typ 0x6c660 max 28 -8 rest 20 stufe 0
item_k_s7_0e_w,101,1860,2160,300,f101 aufnahme
item_k_s7_0e_w,143,2160,2170,10,f142 slot14 typ 0x5a97e max 24 -3 rest 21 stufe 0
item_k_s7_2c_lp72,13,13160,13260,100,f13 aufnahme
item_k_s8_24_lp10,171,7130,7140,10,f170 slot18 typ 0x3265c max 16 -3 rest 13 stufe 0
item_k_s8_24_lp10,188,7140,7160,20,f187 slot18 typ 0x3265c max 16 -4 rest 9 stufe 1
item_k_s8_24_lp40,171,7130,7140,10,f170 slot18 typ 0x3265c max 16 -3 rest 13 stufe 0
item_k_s8_24_lp40,188,7140,7160,20,f187 slot18 typ 0x3265c max 16 -4 rest 9 stufe 1
item_k_s8_24_lp70,171,7130,7140,10,f170 slot18 typ 0x3265c max 16 -3 rest 13 stufe 0
item_k_s8_24_lp70,188,7140,7160,20,f187 slot18 typ 0x3265c max 16 -4 rest 9 stufe 1
item_k_s8_24_lp72,161,7130,7630,500,f161 aufnahme
item_k_s8_24_lp72,171,7630,7640,10,f170 slot18 typ 0x3265c max 16 -3 rest 13 stufe 0
item_k_s8_24_lp72,188,7640,7660,20,f187 slot18 typ 0x3265c max 16 -4 rest 9 stufe 1
item_k_s8_2a_lp10,171,6230,6240,10,f170 slot18 typ 0x3265c max 16 -3 rest 13 stufe 0
item_k_s8_2a_lp10,188,6240,6260,20,f187 slot18 typ 0x3265c max 16 -4 rest 9 stufe 1
item_k_s8_2a_lp40,171,6230,6240,10,f170 slot18 typ 0x3265c max 16 -3 rest 13 stufe 0
item_k_s8_2a_lp40,188,6240,6260,20,f187 slot18 typ 0x3265c max 16 -4 rest 9 stufe 1
item_k_s8_2a_lp70,171,6230,6240,10,f170 slot18 typ 0x3265c max 16 -3 rest 13 stufe 0
item_k_s8_2a_lp70,188,6240,6260,20,f187 slot18 typ 0x3265c max 16 -4 rest 9 stufe 1
item_k_s8_2a_lp72,161,6230,6330,100,f159 slot14 typ 0x3265c max 16 -54 rest 16 stufe 3 | f159 slot16 typ 0x3265c max 16 -54 rest 16 stufe 3 | f159 slot18 typ 0x3265c max 16 -54 rest 16 stufe 3 | f161 aufnahme
item_k_s8_2a_lp72,171,6330,6340,10,f170 slot18 typ 0x3265c max 16 -3 rest 13 stufe 0
item_k_s8_2a_lp72,188,6340,6360,20,f187 slot18 typ 0x3265c max 16 -4 rest 9 stufe 1
item_k_s8_2c_lp72,161,3670,3770,100,f161 aufnahme
## botpunkte Stage 1 (alle Aenderungen)
lauf,frame,kamera_x,punkte_vorher,punkte_nachher,differenz,lp_abnahmen_gegner
item_bot1,160,380,0,10,10,f159 slot18 typ 0xa97e max 16 -3 rest 13
item_bot1,177,380,10,30,20,f176 slot18 typ 0xa97e max 16 -4 rest 9
item_bot1,194,380,30,60,30,f193 slot18 typ 0xa97e max 16 -5 rest 4
item_bot1,209,380,60,140,80,f208 slot18 typ 0xa97e max 16 -10 rest -6
item_bot1,393,639,140,150,10,f392 slot17 typ 0xca0 max 30 -3 rest 27
item_bot1,409,639,150,170,20,f408 slot17 typ 0xca0 max 30 -4 rest 23
item_bot1,426,639,170,200,30,f425 slot17 typ 0xca0 max 30 -5 rest 18
item_bot1,441,639,200,240,40,f440 slot17 typ 0xca0 max 30 -10 rest 8
item_bot1,516,707,240,250,10,f515 slot16 typ 0xa97e max 16 -3 rest 13
item_bot1,533,707,250,270,20,f532 slot16 typ 0xa97e max 16 -4 rest 9
item_bot1,550,707,270,300,30,f549 slot16 typ 0xa97e max 16 -5 rest 4
item_bot1,565,707,300,380,80,f564 slot16 typ 0xa97e max 16 -10 rest -6
item_bot1,586,707,380,480,100,f585 slot17 typ 0xca0 max 30 -10 rest -2
item_bot1,684,827,480,490,10,f683 slot18 typ 0x5086 max 34 -3 rest 31
item_bot1,701,827,490,510,20,f700 slot18 typ 0x5086 max 34 -4 rest 27
item_bot1,718,827,510,540,30,f717 slot18 typ 0x5086 max 34 -5 rest 22
item_bot1,733,827,540,580,40,f732 slot18 typ 0x5086 max 34 -10 rest 12
item_bot1,831,866,580,600,20,f830 slot17 typ 0xa97e max 24 -4 rest 20
item_bot1,851,866,600,620,20,f850 slot17 typ 0xa97e max 24 -4 rest 16
item_bot1,871,866,620,640,20,f870 slot17 typ 0xa97e max 24 -4 rest 12
item_bot1,968,960,640,650,10,f967 slot18 typ 0x5086 max 34 -3 rest 9
item_bot1,985,960,650,670,20,f984 slot18 typ 0x5086 max 34 -4 rest 5
item_bot1,1016,963,670,680,10,f1015 slot18 typ 0x5086 max 34 -3 rest 2
item_bot1,1024,963,680,690,10,f1023 slot16 typ 0xa97e max 24 -3 rest 21
item_bot1,1038,963,690,980,290,f1037 slot16 typ 0xa97e max 24 -4 rest 17 | f1037 slot18 typ 0x5086 max 34 -4 rest -2
item_bot1,1076,975,980,990,10,f1075 slot16 typ 0xa97e max 24 -3 rest 14
item_bot1,1093,975,990,1010,20,f1092 slot16 typ 0xa97e max 24 -4 rest 10
item_bot1,1110,975,1010,1040,30,f1109 slot16 typ 0xa97e max 24 -5 rest 5
item_bot1,1125,975,1040,1120,80,f1124 slot16 typ 0xa97e max 24 -10 rest -5
item_bot1,1200,975,1120,1130,10,f1199 slot17 typ 0xa97e max 24 -3 rest 9
item_bot1,1217,975,1130,1150,20,f1216 slot17 typ 0xa97e max 24 -4 rest 5
item_bot1,1234,975,1150,1180,30,f1233 slot17 typ 0xa97e max 24 -5 rest 0
item_bot1,1249,975,1180,1260,80,f1248 slot17 typ 0xa97e max 24 -10 rest -10
item_bot1,1427,1105,1260,1280,20,f1426 slot17 typ 0xca0 max 34 -4 rest 30
item_bot1,1447,1105,1280,1300,20,f1446 slot17 typ 0xca0 max 34 -4 rest 26
item_bot1,1488,1105,1300,1320,20,f1487 slot16 typ 0xca0 max 34 -3 rest 31 | f1487 slot17 typ 0xca0 max 34 -3 rest 23
item_bot1,1505,1105,1320,1360,40,f1504 slot16 typ 0xca0 max 34 -4 rest 27 | f1504 slot17 typ 0xca0 max 34 -4 rest 19
item_bot1,1522,1105,1360,1420,60,f1521 slot16 typ 0xca0 max 34 -5 rest 22 | f1521 slot17 typ 0xca0 max 34 -5 rest 14
item_bot1,1537,1105,1420,1500,80,f1536 slot16 typ 0xca0 max 34 -10 rest 12 | f1536 slot17 typ 0xca0 max 34 -10 rest 4
item_bot1,1633,1216,1500,1510,10,f1632 slot17 typ 0xca0 max 34 -3 rest 1
item_bot1,1649,1216,1510,1610,100,f1648 slot17 typ 0xca0 max 34 -4 rest -3 | f1649 slot16 typ 0xca0 max 34 -4 rest 8
item_bot1,1650,1216,1610,1630,20,f1649 slot16 typ 0xca0 max 34 -4 rest 8
item_bot1,1696,1236,1630,1640,10,f1695 slot16 typ 0xca0 max 34 -3 rest 5
item_bot1,1713,1236,1640,1660,20,f1712 slot16 typ 0xca0 max 34 -4 rest 1
item_bot1,1730,1236,1660,1760,100,f1729 slot16 typ 0xca0 max 34 -5 rest -4
item_bot1,1896,1421,1760,1770,10,f1896 slot16 typ 0xa97e max 24 -3 rest 21
item_bot1,1913,1421,1770,1780,10,f1913 slot16 typ 0xa97e max 24 -4 rest 17
item_bot1,1930,1421,1780,1790,10,f1930 slot16 typ 0xa97e max 24 -5 rest 12
item_bot1,1945,1421,1790,1800,10,f1945 slot16 typ 0xa97e max 24 -10 rest 2
item_bot1,1947,1421,1800,1830,30,
item_bot1,1980,1421,1830,1840,10,
item_bot1,1997,1421,1840,1850,10,
item_bot1,2014,1421,1850,1860,10,
item_bot1,2029,1421,1860,1870,10,
item_bot1,2050,1421,1870,1950,80,f2049 slot16 typ 0xa97e max 24 -10 rest -8
item_bot1,2068,1421,1950,1960,10,
item_bot1,2085,1421,1960,1970,10,
item_bot1,2102,1421,1970,1980,10,
item_bot1,2117,1421,1980,1990,10,
item_bot1,2152,1421,1990,2000,10,
item_bot1,2169,1421,2000,2010,10,
item_bot1,2380,1517,2010,2020,10,
item_bot1,2397,1517,2020,2030,10,
item_bot1,2414,1517,2030,2040,10,
item_bot1,2429,1517,2040,2840,800,
item_bot1,5084,2048,2840,2850,10,f5083 slot17 typ 0xa97e max 28 -3 rest 25
item_bot1,5101,2048,2850,2870,20,f5100 slot17 typ 0xa97e max 28 -4 rest 21
item_bot1,5118,2048,2870,2900,30,f5117 slot17 typ 0xa97e max 28 -5 rest 16
item_bot1,5133,2048,2900,2940,40,f5132 slot17 typ 0xa97e max 28 -10 rest 6
item_bot1,5212,2048,2940,2960,20,f5211 slot16 typ 0xa97e max 28 -4 rest 24
item_bot1,5231,2048,2960,2980,20,f5230 slot16 typ 0xa97e max 28 -4 rest 20
item_bot1,5251,2048,2980,3000,20,f5250 slot16 typ 0xa97e max 28 -4 rest 16
item_bot1,5317,2048,3000,3010,10,f5316 slot19 typ 0x6da4 max 72 -3 rest 107
item_bot1,5333,2048,3010,3030,20,f5332 slot19 typ 0x6da4 max 72 -4 rest 103
item_bot1,5350,2048,3030,3060,30,f5349 slot19 typ 0x6da4 max 72 -5 rest 98
item_bot1,5365,2048,3060,3100,40,f5364 slot19 typ 0x6da4 max 72 -10 rest 88
item_bot1,5468,2048,3100,3110,10,f5467 slot17 typ 0xa97e max 28 -3 rest 3
item_bot1,5485,2048,3110,3190,80,f5484 slot17 typ 0xa97e max 28 -4 rest -1
item_bot1,5524,2048,3190,3200,10,f5523 slot16 typ 0xa97e max 28 -3 rest 13
item_bot1,5541,2048,3200,3220,20,f5540 slot16 typ 0xa97e max 28 -4 rest 9
item_bot1,5558,2048,3220,3250,30,f5557 slot16 typ 0xa97e max 28 -5 rest 4
item_bot1,5573,2048,3250,3330,80,f5572 slot16 typ 0xa97e max 28 -10 rest -6
item_bot1,5848,2048,3330,3340,10,f5847 slot19 typ 0x6da4 max 72 -3 rest 90
item_bot1,5865,2048,3340,3360,20,f5864 slot19 typ 0x6da4 max 72 -4 rest 86
item_bot1,5882,2048,3360,3390,30,f5881 slot19 typ 0x6da4 max 72 -5 rest 81
item_bot1,5897,2048,3390,3430,40,f5896 slot19 typ 0x6da4 max 72 -10 rest 71
item_bot1,6027,2055,3430,5430,2000,f6026 slot19 typ 0x6da4 max 72 -4 rest -3
## botpunkte Stage 2-9 (nur Aenderungen ab 200 Punkten)
item_bot2,429,511,200,710,510,f428 slot19 typ 0x5086 max 34 -3 rest 9
item_bot2,477,511,760,1050,290,f476 slot19 typ 0x5086 max 34 -10 rest -10
item_bot2,605,562,1110,1400,290,f604 slot18 typ 0x5086 max 34 -10 rest -10
item_bot2,2206,774,1850,2240,390,f2205 slot14 typ 0x5086 max 36 -5 rest 12 | f2205 slot15 typ 0x5086 max 36 -5 rest -2 | f2205 slot18 typ 0x6fb2 max 60 -5 rest 41
item_bot2,2440,791,2480,2800,320,f2439 slot14 typ 0x5086 max 36 -3 rest -1 | f2439 slot16 typ 0x6fb2 max 30 -3 rest 1
item_bot2,2669,835,2860,3560,700,f2668 slot17 typ 0x6fb2 max 30 -10 rest -2
item_bot2,3848,897,3640,4340,700,f3847 slot18 typ 0x6fb2 max 60 -3 rest -2
item_bot2,5094,2207,4960,5170,210,f5093 slot15 typ 0xc1c max 32 -5 rest 20 | f5093 slot18 typ 0xc1c max 52 -5 rest -1
item_bot2,6931,2433,6560,6800,240,f6930 slot17 typ 0xc1c max 34 -4 rest -3
item_bot2,6976,2433,6800,7110,310,f6975 slot18 typ 0x9c36 max 50 -3 rest -2
item_bot2,7036,2443,7110,7420,310,f7035 slot16 typ 0x9c36 max 50 -3 rest -2
item_bot3,866,358,730,1020,290,f865 slot18 typ 0x5086 max 34 -4 rest 2 | f865 slot19 typ 0x5086 max 34 -4 rest -2
item_bot3,1151,365,1020,1340,320,f1150 slot16 typ 0x5086 max 34 -4 rest -3
item_bot3,1308,383,1340,2250,910,f1307 slot14 typ 0xa2d6 max 72 -3 rest -2
item_bot3,1400,383,2250,2560,310,f1399 slot15 typ 0x5086 max 34 -3 rest -2
item_bot3,1504,453,2560,2870,310,f1503 slot17 typ 0x9c36 max 44 -3 rest -2
item_bot3,1729,453,3060,3800,740,f1728 slot14 typ 0x6fb2 max 35 -10 rest 13 | f1728 slot15 typ 0x6fb2 max 35 -10 rest -2
item_bot3,1981,453,4010,4710,700,f1980 slot14 typ 0x6fb2 max 35 -10 rest -9
item_bot3,2244,481,4860,5170,310,f2243 slot16 typ 0x5086 max 36 -3 rest -3
item_bot3,2413,481,5230,5540,310,f2412 slot18 typ 0x5086 max 36 -3 rest -3
item_bot3,4115,1665,5950,6950,1000,f4114 slot18 typ 0xd15c max 60 -3 rest -2
item_bot3,5626,2805,8010,8310,300,
item_bot3,9257,4736,630,4640,4010,f9256 slot19 typ 0x2d34 max 72 -3 rest -2
item_bot4,2424,2432,1190,2230,1040,f2423 slot12 typ 0xa97e max 26 -3 rest -2 | f2423 slot13 typ 0xa97e max 26 -3 rest -2 | f2423 slot14 typ 0xa97e max 24 -3 rest -2
item_bot4,2644,2432,2230,3030,800,
item_bot4,7200,3921,3200,8210,5010,f7199 slot18 typ 0xdab0 max 72 -3 rest -2
item_bot5,640,4091,1250,1450,200,f639 slot15 typ 0xc660 max 8 -3 rest 5 | f639 slot16 typ 0xc660 max 8 -3 rest 5 | f640 slot15 typ 0xc660 max 8 -6 rest -1 | f640 slot16 typ 0xc660 max 8 -6 rest -1
item_bot5,943,5909,1600,2100,500,
item_bot5,1586,9767,2700,3200,500,
item_bot5,1788,10979,3200,3700,500,
item_bot5,5362,29644,860,6980,6120,f5361 slot17 typ 0x430 max 8 -5 rest 3 | f5361 slot19 typ 0x8c64 max 70 -5 rest -5 | f5362 slot17 typ 0x430 max 8 -4 rest -1
item_bot6,1867,516,1110,1810,700,f1866 slot14 typ 0x6fb2 max 30 -4 rest -2
item_bot6,2345,531,2190,2890,700,f2344 slot16 typ 0x6fb2 max 30 -10 rest -1
item_bot6,2640,777,2990,3900,910,f2639 slot19 typ 0xa2d6 max 72 -3 rest -3
item_bot6,3186,857,4370,5170,800,
item_bot6,3465,857,5470,6210,740,f3464 slot14 typ 0x6fb2 max 35 -10 rest -9 | f3464 slot19 typ 0x6fb2 max 35 -10 rest 16
item_bot6,4089,857,6560,7260,700,f4088 slot19 typ 0x6fb2 max 35 -4 rest -2
item_bot6,6324,2085,8380,8690,310,f6323 slot12 typ 0x9c36 max 50 -3 rest -2
item_bot6,6631,2085,8690,9510,820,f6630 slot15 typ 0x265c max 72 -4 rest -3
item_bot6,9584,2936,1860,6860,5000,f9583 slot19 typ 0x65a max 72 -3 rest -3
item_bot7,829,371,930,1130,200,f828 slot14 typ 0xc660 max 26 -10 rest -8 | f828 slot18 typ 0xc660 max 28 -10 rest -1 | f829 slot13 typ 0xc660 max 26 -10 rest -4
item_bot7,7095,1921,6180,7100,920,f7094 slot16 typ 0xa2d6 max 72 -4 rest -3
item_bot7,7202,1921,7200,8140,940,f7201 slot14 typ 0xa2d6 max 72 -10 rest -9
item_bot7,10068,3264,90,2000,1910,f10067 slot11 typ 0xd15c max 55 -3 rest -2 | f10067 slot16 typ 0xa2d6 max 72 -3 rest -2
item_bot7,10129,3264,2000,3000,1000,f10128 slot14 typ 0xd15c max 55 -3 rest -2
item_bot8,790,352,420,1120,700,f789 slot19 typ 0x6fb2 max 30 -5 rest -4
item_bot8,1976,676,2050,2760,710,f1975 slot15 typ 0x4e7a max 20 -3 rest 17 | f1975 slot16 typ 0x6fb2 max 30 -3 rest -2
item_bot8,2534,1121,2970,3670,700,f2533 slot14 typ 0x6fb2 max 16 -10 rest -6
item_bot8,3045,1289,3930,4630,700,f3044 slot16 typ 0x6fb2 max 35 -10 rest -9
item_bot8,3140,1289,4630,5330,700,f3139 slot18 typ 0x6fb2 max 35 -3 rest -3
item_bot8,3641,1776,5390,6230,840,f3640 slot14 typ 0x265c max 16 -10 rest -6
item_bot8,3745,1776,6290,7130,840,f3744 slot16 typ 0x265c max 16 -10 rest -6
item_bot8,3953,1776,7190,8030,840,f3952 slot18 typ 0x265c max 16 -10 rest -6
item_bot8,8044,1920,280,1110,830,f8043 slot18 typ 0x265c max 70 -8 rest -7
item_bot8,9184,1920,1310,2120,810,f9183 slot14 typ 0x265c max 72 -3 rest -2
item_bot8,10836,3003,2430,2740,310,f10835 slot16 typ 0x9c36 max 54 -3 rest -2
item_bot8,10921,3003,2740,3130,390,f10920 slot13 typ 0xa97e max 34 -3 rest -2 | f10920 slot17 typ 0x9c36 max 54 -3 rest -2
item_bot8,12753,3172,1280,9280,8000,f12752 slot17 typ 0x9e96 max 72 -3 rest -3
item_bot9,1288,305,660,1360,700,f1287 slot14 typ 0x6fb2 max 30 -3 rest -2
item_bot9,1820,305,1760,2460,700,f1819 slot13 typ 0x6fb2 max 30 -3 rest -2
item_bot9,2578,627,2720,3000,280,f2577 slot16 typ 0x5086 max 36 -5 rest -5
item_bot9,3040,663,3060,3320,260,f3039 slot13 typ 0x5086 max 36 -3 rest -1
item_bot9,5329,1634,4330,4620,290,f5328 slot15 typ 0x5086 max 40 -4 rest -1 | f5328 slot17 typ 0x5086 max 40 -4 rest 6
item_bot9,5377,1636,4650,4910,260,f5376 slot17 typ 0x5086 max 40 -3 rest -2
item_bot9,6673,1857,5380,5650,270,f6672 slot17 typ 0x5086 max 40 -4 rest -1
item_bot9,6912,1857,5850,7850,2000,f6911 slot19 typ 0x6da4 max 72 -5 rest -4
## dritte Messung (Praefix item_d, Teil W): nahsweep und natuerlicher Anlauf
lauf,slot,art,achse,blick,von,bis,ausserhalb_unten,ausserhalb_oben,proben
item_d_nah_hl,58,0x12,x,links,-42,35,-43,36,88
item_d_nah_hr,58,0x12,x,rechts,-34,35,-35,36,88
item_d_nah_ll,53,0x10,x,links,-28,21,-29,22,88
item_d_nah_lr,53,0x10,x,rechts,-20,29,-21,30,88
item_d_nah_ml,44,0x08,x,links,-36,29,-37,30,88
item_d_nah_mr,44,0x08,x,rechts,-28,35,-29,36,88
lauf,frame,nah,slot,art,figur_x,figur_tiefe,dx_item_minus_figur,dz,blick,aktion
item_d_nah_lnat,95,1,53,0x10,2292,205,28,3,rechts,0x0
## dritte Messung: reichweite (Rakete frei fliegend, Hammer, Laser)
lauf,blick,druck,slot,typ,dx,dz,treffer,schaden,trefferframe_rel_druck,status_danach
item_d_mis_x100,rechts,68,17,0x5a97e,97,0,ja,8,28,2
item_d_mis_x103,rechts,68,17,0x5a97e,100,0,ja,8,28,2
item_d_mis_x200,rechts,68,17,0x5a97e,197,0,ja,8,28,2
item_d_mis_x230,rechts,68,17,0x5a97e,227,0,ja,8,28,2
item_d_mis_x250,rechts,68,17,0x5a97e,247,0,ja,8,28,2
item_d_mis_x290,rechts,68,17,0x5a97e,253,0,ja,8,28,2
item_d_mis_x98,rechts,68,17,0x5a97e,95,0,nein,,,
item_d_mis_x99,rechts,68,17,0x5a97e,96,0,nein,,,
item_d_ham_x-147,links,19,17,0x5a97e,-147,0,ja,8,13,3
item_d_ham_x-148,links,19,17,0x5a97e,-148,0,nein,,,
item_d_ham_x-25,links,19,17,0x5a97e,-25,0,nein,,,
item_d_ham_x-26,links,19,17,0x5a97e,-26,0,ja,8,13,3
item_d_ham_x124,rechts,19,17,0x5a97e,124,0,ja,8,13,3
item_d_ham_x125,rechts,19,17,0x5a97e,125,0,nein,,,
item_d_ham_x25,rechts,19,17,0x5a97e,25,0,nein,,,
item_d_ham_x26,rechts,19,17,0x5a97e,26,0,nein,,,
item_d_ham_x27,rechts,19,17,0x5a97e,27,0,ja,8,13,3
item_d_las_x155,rechts,68,17,0x5a97e,155,0,ja,6,14,2
item_d_las_x186,rechts,68,17,0x5a97e,186,0,ja,6,16,2
item_d_las_x215,rechts,68,17,0x5a97e,215,0,ja,6,17,2
item_d_las_x245,rechts,68,17,0x5a97e,245,0,ja,6,19,2
item_d_las_x275,rechts,68,17,0x5a97e,275,0,nein,,,
item_d_las_zwei_lebt,rechts,10,16,0x5a97e,120,0,ja,6,10,2
item_d_las_zwei_lebt,rechts,10,17,0x5a97e,220,0,nein,,,
item_d_las_zwei_lebt,rechts,10,19,0x46da4,383,16,nein,,,
item_d_las_zwei_tot,rechts,10,16,0x5a97e,90,0,ja,6,7,2
item_d_las_zwei_tot,rechts,10,17,0x5a97e,170,0,nein,,,
item_d_las_zwei_tot,rechts,10,19,0x46da4,383,16,nein,,,
## dritte Messung: waffe (freier Raketenflug, Laser gegen zwei Gegner, M-GUN)
lauf,ereignis,frame,druck,rel_druck,wert1,wert2,wert3,wert4,wert5
item_d_misfrei,schuss,69,68,1,ende 85 (17 Frames),aktiv -..- (0),attr 0x0000,munition 3->2,figur x 2245 tiefe 226 blick rechts
item_d_misfrei,geschoss,75,68,7,block 4 typ 0x1f9c0,start x 2303.00 (figur 2245) hoehe 50 tiefe 226,vx +5.000 px/Frame,boden 96 bei x 2408 (Flugweite 105.0),attr aktiv 96..110 (15; 0x1400) ende 110
item_d_las_zwei_tot,schuss,11,10,1,ende 35 (25 Frames),aktiv -..- (0),attr 0x0000,munition 4->3,figur x 2315 tiefe 205 blick rechts
item_d_las_zwei_tot,geschoss,25,10,15,block 0 typ 0x1f9c0,start x 2377.00 (figur 2315) hoehe 52 tiefe 205,vx +0.000 px/Frame,boden - bei x - (Flugweite -),attr aktiv 25..32 (8; 0x0c00) ende 32
item_d_las_zwei_tot,geschoss,23,10,13,block 1 typ 0x1f9c0,start x 2377.00 (figur 2315) hoehe 52 tiefe 205,vx +0.000 px/Frame,boden - bei x - (Flugweite -),attr aktiv 23..30 (8; 0x0c00) ende 30
item_d_las_zwei_tot,geschoss,21,10,11,block 2 typ 0x1f9c0,start x 2377.00 (figur 2315) hoehe 52 tiefe 205,vx +0.000 px/Frame,boden - bei x - (Flugweite -),attr aktiv 21..28 (8; 0x0c00) ende 28
item_d_las_zwei_tot,geschoss,19,10,9,block 3 typ 0x1f9c0,start x 2377.00 (figur 2315) hoehe 52 tiefe 205,vx +0.000 px/Frame,boden - bei x - (Flugweite -),attr aktiv 19..26 (8; 0x0c00) ende 26
item_d_las_zwei_tot,geschoss,17,10,7,block 4 typ 0x1f9c0,start x 2377.00 (figur 2315) hoehe 52 tiefe 205,vx +0.000 px/Frame,boden - bei x - (Flugweite -),attr aktiv 17..24 (8; 0x0c00) ende 24
item_d_las_zwei_tot,treffer,2,,,slot 16 typ 0x5a97e,schaden 24 (rest 4),dx 88 dz 0,status danach 0x01 (1),figur aktion 0x0
item_d_las_zwei_tot,treffer,17,,,slot 16 typ 0x5a97e,schaden 6 (rest -2),dx 90 dz 0,status danach 0x02 (umgeworfen/liegt),figur aktion 0x16 geschoss4 x 2377 h 52 z 205 attr 0x0c00
item_d_las_zwei_lebt,schuss,11,10,1,ende 35 (25 Frames),aktiv -..- (0),attr 0x0000,munition 4->3,figur x 2315 tiefe 205 blick rechts
item_d_las_zwei_lebt,geschoss,25,10,15,block 0 typ 0x1f9c0,start x 2377.00 (figur 2315) hoehe 52 tiefe 205,vx +0.000 px/Frame,boden - bei x - (Flugweite -),attr aktiv 25..32 (8; 0x0c00) ende 32
item_d_las_zwei_lebt,geschoss,23,10,13,block 1 typ 0x1f9c0,start x 2377.00 (figur 2315) hoehe 52 tiefe 205,vx +0.000 px/Frame,boden - bei x - (Flugweite -),attr aktiv 23..30 (8; 0x0c00) ende 30
item_d_las_zwei_lebt,geschoss,21,10,11,block 2 typ 0x1f9c0,start x 2377.00 (figur 2315) hoehe 52 tiefe 205,vx +0.000 px/Frame,boden - bei x - (Flugweite -),attr aktiv 21..28 (8; 0x0c00) ende 28
item_d_las_zwei_lebt,geschoss,19,10,9,block 3 typ 0x1f9c0,start x 2377.00 (figur 2315) hoehe 52 tiefe 205,vx +0.000 px/Frame,boden - bei x - (Flugweite -),attr aktiv 19..26 (8; 0x0c00) ende 26
item_d_las_zwei_lebt,geschoss,17,10,7,block 4 typ 0x1f9c0,start x 2377.00 (figur 2315) hoehe 52 tiefe 205,vx +0.000 px/Frame,boden - bei x - (Flugweite -),attr aktiv 17..24 (8; 0x0c00) ende 24
item_d_las_zwei_lebt,treffer,20,,,slot 16 typ 0x5a97e,schaden 6 (rest 94),dx 120 dz 0,status danach 0x02 (umgeworfen/liegt),figur aktion 0x16 geschoss3 x 2377 h 52 z 205 attr 0x0c00 geschoss4 x 2409 h 52 z 205 attr 0x0c00
item_d_mgun_sasuke,schuss,141,140,1,ende 177 (37 Frames),aktiv -..- (0),attr 0x0000,munition 5->4,figur x 615 tiefe 1612 blick rechts
item_d_mgun_sasuke,geschoss,167,140,27,block 1 typ 0x1f9c0,start x 689.00 (figur 615) hoehe 54 tiefe 1612,vx +10.000 px/Frame,boden - bei x - (Flugweite -),attr aktiv 167..180 (14; 0x0c00) ende 180
item_d_mgun_sasuke,geschoss,157,140,17,block 2 typ 0x1f9c0,start x 689.00 (figur 615) hoehe 54 tiefe 1612,vx +10.000 px/Frame,boden - bei x - (Flugweite -),attr aktiv 157..170 (14; 0x0c00) ende 170
item_d_mgun_sasuke,geschoss,152,140,12,block 3 typ 0x1f9c0,start x 689.00 (figur 615) hoehe 54 tiefe 1612,vx +10.000 px/Frame,boden - bei x - (Flugweite -),attr aktiv 152..156 (5; 0x0c00) ende 168
item_d_mgun_sasuke,geschoss,147,140,7,block 4 typ 0x1f9c0,start x 689.00 (figur 615) hoehe 54 tiefe 1612,vx +10.000 px/Frame,boden - bei x - (Flugweite -),attr aktiv 147..148 (2; 0x0c00) ende 160
item_d_mgun_sasuke,geschoss,162,140,22,block 4 typ 0x1f9c0,start x 689.00 (figur 615) hoehe 54 tiefe 1612,vx +10.000 px/Frame,boden - bei x - (Flugweite -),attr aktiv 162..175 (14; 0x0c00) ende 175
item_d_mgun_sasuke,treffer,148,,,slot 15 typ 0x74164,schaden 8 (rest 92),dx 108 dz -1,status danach 0x02 (umgeworfen/liegt),figur aktion 0x16 geschoss4 x 699 h 54 z 1612 attr 0x0c00
item_d_mgun_sasuke,treffer,156,,,slot 16 typ 0x74164,schaden 8 (rest 26),dx 131 dz 2,status danach 0x02 (umgeworfen/liegt),figur aktion 0x16 geschoss3 x 729 h 54 z 1612 attr 0x0c00 geschoss4 x 709 h 54 z 1612 attr 0x0000
item_d_mgun_z,schuss,141,140,1,ende 177 (37 Frames),aktiv -..- (0),attr 0x0000,munition 5->4,figur x 615 tiefe 1612 blick rechts
item_d_mgun_z,geschoss,162,140,22,block 1 typ 0x1f9c0,start x 689.00 (figur 615) hoehe 54 tiefe 1612,vx +10.000 px/Frame,boden - bei x - (Flugweite -),attr aktiv 162..175 (14; 0x0c00) ende 175
item_d_mgun_z,geschoss,157,140,17,block 2 typ 0x1f9c0,start x 689.00 (figur 615) hoehe 54 tiefe 1612,vx +10.000 px/Frame,boden - bei x - (Flugweite -),attr aktiv 157..170 (14; 0x0c00) ende 170
item_d_mgun_z,geschoss,152,140,12,block 3 typ 0x1f9c0,start x 689.00 (figur 615) hoehe 54 tiefe 1612,vx +10.000 px/Frame,boden - bei x - (Flugweite -),attr aktiv 152..156 (5; 0x0c00) ende 168
item_d_mgun_z,geschoss,147,140,7,block 4 typ 0x1f9c0,start x 689.00 (figur 615) hoehe 54 tiefe 1612,vx +10.000 px/Frame,boden - bei x - (Flugweite -),attr aktiv 147..149 (3; 0x0c00) ende 161
item_d_mgun_z,geschoss,167,140,27,block 4 typ 0x1f9c0,start x 689.00 (figur 615) hoehe 54 tiefe 1612,vx +10.000 px/Frame,boden - bei x - (Flugweite -),attr aktiv 167..180 (14; 0x0c00) ende 180
item_d_mgun_z,treffer,149,,,slot 17 typ 0x6c660,schaden 8 (rest 92),dx 110 dz -1,status danach 0x02 (umgeworfen/liegt),figur aktion 0x16 geschoss4 x 709 h 54 z 1612 attr 0x0c00
item_d_mgun_z,treffer,156,,,slot 16 typ 0x74164,schaden 8 (rest 26),dx 131 dz 2,status danach 0x02 (umgeworfen/liegt),figur aktion 0x16 geschoss3 x 729 h 54 z 1612 attr 0x0c00 geschoss4 x 719 h 54 z 1612 attr 0x0000
## dritte Messung: griff mit Hammer
lauf,ereignis,frame,druck,rel_druck,schaden,lp_nachher,aktion,unterphase,kombostufe,waffe,munition,punkte_diff
item_d_griffknie,griff,82,,,,,0x0,0,0,1,6,
item_d_griffknie,treffer slot 16,93,88,5,4,24,0x0,4,1,1,6,20
item_d_griffknie,treffer slot 16,115,110,5,4,20,0x0,4,1,1,6,20
item_d_griffwurf,griff,82,,,,,0x0,0,0,1,6,
item_d_griffwurf,treffer slot 16,89,88,1,14,14,0x0,6,0,1,6,0
item_d_griffwurf,treffer slot 17,126,88,38,3,25,0x0,0,0,1,6,20
## dritte Messung: punkte (Abschuesse je Kettenstufe, M-GUN, Griff)
lauf,frame,punkte_vorher,punkte_nachher,differenz,ereignisse
item_d_kill_dolg1,75,2840,4840,2000,f74 slot19 typ 0x46da4 max 72 -3 rest -1 stufe 0 | f75 slot19 besiegt
item_d_kill_dolg2,75,2840,2850,10,f74 slot19 typ 0x46da4 max 72 -3 rest 3 stufe 0
item_d_kill_dolg2,92,2850,4850,2000,f91 slot19 typ 0x46da4 max 72 -4 rest -1 stufe 1 | f92 slot19 besiegt
item_d_kill_mardia1,155,1340,2250,910,f154 slot14 typ 0x3a2d6 max 72 -3 rest -1 stufe 0 | f155 slot14 besiegt
item_d_kill_mardia2,155,1340,1350,10,f154 slot14 typ 0x3a2d6 max 72 -3 rest 3 stufe 0
item_d_kill_mardia2,172,1350,2270,920,f171 slot14 typ 0x3a2d6 max 72 -4 rest -1 stufe 1 | f172 slot14 besiegt
item_d_kill_mardia3,155,1340,1350,10,f154 slot14 typ 0x3a2d6 max 72 -3 rest 8 stufe 0
item_d_kill_mardia3,172,1350,1370,20,f171 slot14 typ 0x3a2d6 max 72 -4 rest 4 stufe 1
item_d_kill_mardia3,190,1370,2300,930,f189 slot14 typ 0x3a2d6 max 72 -5 rest -1 stufe 2 | f190 slot14 besiegt
item_d_kill_mardia4,155,1340,1350,10,f154 slot14 typ 0x3a2d6 max 72 -3 rest 18 stufe 0
item_d_kill_mardia4,172,1350,1370,20,f171 slot14 typ 0x3a2d6 max 72 -4 rest 14 stufe 1
item_d_kill_mardia4,190,1370,1400,30,f189 slot14 typ 0x3a2d6 max 72 -5 rest 9 stufe 2
item_d_kill_mardia4,207,1400,2340,940,f206 slot14 typ 0x3a2d6 max 72 -10 rest -1 stufe 3 | f207 slot14 besiegt
item_d_kill_mardia4,228,2340,2680,340,f227 slot15 typ 0x25086 max 34 -10 rest -9 stufe 3 | f228 slot15 besiegt
item_d_kill_skip1,7,480,740,260,f6 slot18 typ 0x25086 max 34 -3 rest -1 stufe 0 | f7 slot18 besiegt
item_d_kill_skip2,7,480,490,10,f6 slot18 typ 0x25086 max 34 -3 rest 3 stufe 0
item_d_kill_skip2,24,490,1260,770,f23 slot18 typ 0x25086 max 34 -4 rest -1 stufe 1 | f23 slot46 typ 0x98d64 max 0 -4 rest -3 stufe 1 | f24 slot18 besiegt
item_d_kill_skip3,7,480,490,10,f6 slot18 typ 0x25086 max 34 -3 rest 8 stufe 0
item_d_kill_skip3,24,490,1010,520,f23 slot18 typ 0x25086 max 34 -4 rest 4 stufe 1 | f23 slot46 typ 0x98d64 max 0 -4 rest -3 stufe 1
item_d_kill_skip3,42,1010,1290,280,f41 slot18 typ 0x25086 max 34 -5 rest -1 stufe 2 | f42 slot18 besiegt
item_d_kill_skip4,7,480,490,10,f6 slot18 typ 0x25086 max 34 -3 rest 18 stufe 0
item_d_kill_skip4,24,490,1010,520,f23 slot18 typ 0x25086 max 34 -4 rest 14 stufe 1 | f23 slot46 typ 0x98d64 max 0 -4 rest -3 stufe 1
item_d_kill_skip4,42,1010,1040,30,f41 slot18 typ 0x25086 max 34 -5 rest 9 stufe 2
item_d_kill_skip4,59,1040,1330,290,f58 slot18 typ 0x25086 max 34 -10 rest -1 stufe 3 | f59 slot18 besiegt
item_d_mgun_sasuke,149,0,10,10,f148 slot15 typ 0x74164 max 100 -8 rest 92 stufe 0
item_d_mgun_sasuke,157,10,20,10,f156 slot16 typ 0x74164 max 34 -8 rest 26 stufe 0
item_d_mgun_z,150,0,10,10,f149 slot17 typ 0x6c660 max 100 -8 rest 92 stufe 0
item_d_mgun_z,157,10,20,10,f156 slot16 typ 0x74164 max 34 -8 rest 26 stufe 0
item_d_griffknie,94,2840,2860,20,f93 slot16 typ 0x5a97e max 28 -4 rest 24 stufe 1
item_d_griffknie,116,2860,2880,20,f115 slot16 typ 0x5a97e max 28 -4 rest 20 stufe 1
item_d_griffwurf,127,2840,2860,20,f126 slot17 typ 0x5a97e max 28 -3 rest 25 stufe 0
item_d_griffwurf,147,2860,2900,40,
