# Gegenpruefung Gegenstaende und Waffen (Praefix item_v). Erzeugt von scripts/belege_item.sh (Teil V),
# Auswertung scripts/messen_item_v.py. Frames = lokale Frames des Runners (Druck P = Taste in P gedrueckt).
# dx = x(Objekt) - x(Figur), dz = Tiefe(Objekt) - Tiefe(Figur); bei Treffern Position am Ende des Trefferframes.
# EINGRIFFE: Bot (item_v_b*): LP der Figur aufgefuellt, Gegner-LP nach 600 Frames Stillstand auf 1.
# CC_LP: LP der Figur gesetzt (item_v_huhn_lp*, item_v_e_*_lp* ausser lp72, item_v_waffe_essen, item_v_huhn_links*, item_v_mech).
# CC_ELP/CC_SETZE: Ziel-LP 100 (mit Max-LP) und Position relativ zur Figur (item_v_mz_*, item_v_lz_*, item_v_hz_*, item_v_gz_*,
# item_v_mg_*), andere Gegner beiseite; item_v_sw_*: Gegenstand relativ gesetzt; item_v_kiste_r*: Rang gehalten.
# item_v_m5_*: Erklaerungslaeufe mit scenarios/item_frei.lua und Savestates des Messagenten (dessen Eingriffe).
## katalog (Bot)
lauf,stage,slot,art,mun,erscheint,landung,ende,st_vorher,liegezeit_vorher,ende_minus_landung,x,tiefe,kamera_x,waffe,munition_figur,lp,pkt,aktion_figur
item_v_b1,1,58,0x0C,5,4553,4601,4610,0101,692,9,2384,200,2109,0->1,5,72->72,0,18
item_v_b1,1,31,MISSILE,3,4553,4602,4898,0101,405,296,2320,208,2099,0->1,3,72->72,0,18
item_v_b1,1,44,MISSILE,3,4553,4601,5456,0101,0,855,2352,229,2074,0->0,3,72->72,0,24
item_v_b1,1,58,0x0C,5,4621,4652,5507,0101,0,855,2335,212,2089,0->0,3,72->72,0,24
item_v_b1,1,31,MISSILE,3,4907,4938,5751,0101,43,813,2279,213,2089,0->0,3,72->72,0,24
item_v_b1,1,50,MISSILE,3,5358,5358,5751,0101,330,393,2275,200,2089,0->0,3,72->72,0,24
item_v_b2,2,55,Brathaehnchen,0,8590,8638,11551,0101,700,2913,2904,85,2688,0->0,0,72->72,0,24
item_v_b3,3,52,SHURIKEN,5,3166,3215,3720,0101,261,505,1685,24,1665,0->0,0,72->72,0,0
item_v_b3,3,54,SHURIKEN,5,4907,4907,5078,0101,531,171,2969,74,2861,0->0,0,72->72,300,18
item_v_b3,3,54,SHURIKEN,5,5229,5229,5487,0100,444,258,2964,71,3127,0->0,0,72->72,0,0
item_v_b3,3,39,SHURIKEN,5,7995,7995,8788,0101,0,793,5103,165,4736,0->0,0,72->72,0,0
item_v_b3,,43,0x0C,5,10066,,(Laufende),,,,480,88,,,,,,
item_v_b3,,52,0x0C,5,10066,,(Laufende),,,,544,88,,,,,,
item_v_b4,4,55,MISSILE,3,872,872,1291,0100,348,419,1401,80,1520,0->0,0,72->72,0,0
item_v_b4,4,56,MISSILE,3,996,996,1291,0101,472,295,1470,72,1520,0->0,0,72->72,0,0
item_v_b4,,50,MISSILE,3,5928,,(Laufende),,,,14208,96,,,,,,
item_v_b4,,51,SHURIKEN,5,5928,,(Laufende),,,,14208,32,,,,,,
item_v_b4,,52,M-GUN,5,5928,,(Laufende),,,,14080,72,,,,,,
item_v_b4,,53,TENDON,0,5928,,(Laufende),,,,8320,48,,,,,,
item_v_b4,,54,MISSILE,3,5928,,(Laufende),,,,8192,96,,,,,,
item_v_b4,,55,M-GUN,5,5928,,(Laufende),,,,1088,96,,,,,,
item_v_b4,,56,MISSILE,3,5928,,(Laufende),,,,960,48,,,,,,
item_v_b5,5,56,MISSILE,3,1,,215,0101,0,,960,48,1541,0->0,0,72->72,0,16
item_v_b5,5,55,M-GUN,5,1,,237,0101,0,,1088,96,1673,0->0,0,72->72,0,0
item_v_b5,5,54,MISSILE,3,1,,1421,0101,0,,8192,96,8777,0->0,0,72->72,0,16
item_v_b5,5,53,TENDON,0,1,,1442,0101,0,,8320,48,8903,0->0,0,72->72,0,0
item_v_b5,5,52,M-GUN,5,1,,2402,0101,0,,14080,72,14663,0->0,0,72->72,0,0
item_v_b5,5,50,MISSILE,3,1,,2423,0101,0,,14208,96,14789,0->0,0,72->72,0,0
item_v_b5,5,51,SHURIKEN,5,1,,2423,0101,0,,14208,32,14789,0->0,0,72->72,0,0
item_v_b5,5,56,SHURIKEN,5,2868,,3355,0101,26,,17024,88,17602,0->0,0,72->72,0,0
item_v_b5,5,57,MISSILE,3,2868,,3355,0101,23,,17024,56,17602,0->0,0,72->72,0,0
item_v_b5,5,54,LASER,4,2868,,3739,0101,41,,19328,96,19906,0->0,0,72->72,0,12
item_v_b5,5,55,M-GUN,5,2868,,3739,0101,38,,19328,48,19906,0->0,0,72->72,0,12
item_v_b5,5,53,MISSILE,3,2868,,4295,0101,29,,22656,48,23242,0->0,0,72->72,0,12
item_v_b5,5,52,SHURIKEN,5,2868,,4315,0101,0,,22784,96,23362,0->0,0,72->72,0,16
item_v_b5,5,51,M-GUN,5,2868,,4871,0101,0,,26112,48,26698,0->0,0,72->72,0,16
item_v_b5,5,50,LASER,4,2868,,4891,0101,0,,26240,96,26818,0->0,0,72->72,0,16
item_v_b6,6,49,MISSILE,3,1220,1220,1258,0101,664,38,605,33,501,0->1,3,72->72,0,18
item_v_b6,6,49,MISSILE,3,1266,1300,2092,0100,0,792,563,34,655,0->0,3,72->72,0,0
item_v_b6,6,48,MISSILE,3,1923,1923,2125,0100,500,202,549,75,712,0->0,3,72->72,0,0
item_v_b6,6,49,MISSILE,3,3129,3129,3251,0101,580,122,1189,37,857,0->1,3,72->72,0,18
item_v_b6,6,49,MISSILE,2,3285,3316,3331,0101,686,15,1221,37,857,0->1,2,72->72,0,18
item_v_b6,6,55,MISSILE,0,3443,,3504,0201,1,,1230,43,857,0->0,0,72->72,0,16
item_v_b6,6,49,TENDON,0,4513,4562,6575,0100,700,2013,1872,96,2037,0->0,0,72->72,0,10
item_v_b6,6,49,MISSILE,3,7440,7440,7474,0101,668,34,2628,60,2384,0->1,3,72->72,0,18
item_v_b6,6,49,MISSILE,3,7482,7516,8122,0100,95,606,2552,72,2715,0->0,3,72->72,0,0
item_v_b6,6,48,MISSILE,3,7352,7352,8145,0101,0,793,2716,50,2755,0->0,3,72->72,0,0
item_v_b6,6,58,0x24,0,9129,9204,9764,0101,700,560,2988,68,2936,0->0,3,72->72,0,24
item_v_b7,7,58,M-GUN,5,148,201,993,0101,0,792,614,1612,396,0->0,0,72->72,0,0
item_v_b7,7,58,MISSILE,3,1367,1420,2212,0100,0,792,1044,1602,1189,0->0,0,72->72,0,16
item_v_b7,7,52,MISSILE,3,1704,1760,2552,0101,0,792,1309,1622,1264,0->0,0,72->72,0,0
item_v_b7,7,51,MISSILE,3,1751,1812,2604,0101,0,792,1319,1622,1264,0->0,0,72->72,0,0
item_v_b7,7,58,GUN,5,3484,3484,3510,0101,676,26,1596,1487,1459,0->1,5,72->72,0,18
item_v_b7,7,51,M-GUN,5,4092,4092,4158,0101,636,66,1667,1480,1493,1->1,5,72->72,0,18
item_v_b7,7,52,M-GUN,5,3869,3869,4662,0101,0,793,1616,1471,1600,0->0,5,72->72,30,16
item_v_b7,7,51,M-GUN,5,4180,4211,4924,0100,79,713,1661,1472,1825,0->0,5,72->72,0,20
item_v_b7,7,45,GUN,1,4158,4187,4925,0100,54,738,1663,1472,1827,0->0,5,72->72,0,20
item_v_b7,7,50,MISSILE,3,4880,4880,5062,0101,520,182,2028,1365,1879,0->1,3,72->72,0,18
item_v_b7,7,50,MISSILE,0,5127,,5188,0201,1,,2020,1365,1879,0->0,0,72->72,0,16
item_v_b7,7,58,MISSILE,3,4817,4817,5610,0101,0,793,1964,1373,1921,0->0,0,72->72,0,0
item_v_b7,7,47,MISSILE,3,5209,5209,6002,0101,0,793,2124,1365,1921,0->0,0,72->72,0,16
item_v_b7,7,48,MISSILE,3,5408,5408,6201,0101,0,793,2052,1342,1921,0->0,0,72->72,0,0
item_v_b7,7,55,GUN,5,6675,6675,6798,0101,579,123,2047,1332,1921,0->1,5,72->72,0,18
item_v_b7,7,55,GUN,4,7153,7187,7307,0101,581,120,2128,1299,1921,0->1,4,72->72,0,18
item_v_b7,7,47,GUN,5,6752,6752,7545,0101,0,793,2127,1328,1921,1->1,3,72->72,0,24
item_v_b7,7,59,GUN,0,8232,,8293,0201,1,,3035,1323,2988,0->0,0,72->72,80,16
item_v_b7,7,52,HAMMER,6,8081,8131,8490,0101,342,359,3223,1328,2988,0->1,6,72->72,0,18
item_v_b7,7,52,HAMMER,6,8500,8527,9319,0100,0,792,3143,1331,3264,0->0,6,72->72,0,0
item_v_b7,7,50,MISSILE,3,10868,10868,11661,0101,0,793,3980,1344,3616,0->0,6,72->72,0,0
item_v_b7,7,49,MISSILE,3,11444,11444,12237,0100,0,793,3836,1327,3969,0->0,6,72->72,0,24
item_v_b7,7,51,CHERRY,0,10825,10873,12460,0101,700,1587,3955,1344,3969,0->0,6,72->72,0,0
item_v_b8,8,58,MISSILE,3,1624,1624,2156,0100,170,532,372,34,534,0->0,0,72->72,0,0
item_v_b8,8,45,MISSILE,3,1897,1897,2208,0100,391,311,462,24,625,0->0,0,72->72,0,0
item_v_b8,8,45,CHERRY,0,2698,2746,3645,0100,700,899,1473,32,1635,0->0,0,72->72,0,0
item_v_b8,8,45,CHERRY,0,3853,3883,4474,0101,700,591,1818,32,1777,0->0,0,72->72,100,18
item_v_b8,8,45,0x2A,0,4533,4581,4746,0101,700,165,1818,32,1777,0->0,0,72->72,100,18
item_v_b8,8,58,CHERRY,0,4165,4213,5490,0101,700,1277,1831,56,1777,0->0,0,72->72,100,18
item_v_b8,8,46,MISSILE,3,5156,5156,5949,0101,0,793,1865,95,1777,0->0,0,72->72,0,16
item_v_b8,8,41,MISSILE,3,5929,5929,6559,0101,137,630,1935,75,1920,0->0,0,72->72,0,0
item_v_b8,8,44,MISSILE,3,5899,5899,6559,0100,107,660,1837,81,1920,0->0,0,72->72,0,0
item_v_b8,8,45,MISSILE,3,6008,6008,6559,0100,216,551,1823,70,1920,0->0,0,72->72,0,0
item_v_b9,9,51,MISSILE,3,3188,,4029,0101,0,,1024,60,896,0->0,0,72->72,0,0
## botpunkte (Stage 1 alle, Stage 2-9 ab 50 Punkten)
lauf,frame,stage,pkt_vor,pkt_nach,diff,gegner
item_v_b1,160,0,0,10,10,s18 WOOKY 16->13
item_v_b1,177,0,10,30,20,s18 WOOKY 13->9
item_v_b1,194,0,30,60,30,s18 WOOKY 9->4
item_v_b1,209,0,60,140,80,s18 WOOKY 4->-6 tot
item_v_b1,393,0,140,150,10,s17 EDDY 30->27
item_v_b1,409,0,150,170,20,s17 EDDY 27->23
item_v_b1,426,0,170,200,30,s17 EDDY 23->18
item_v_b1,441,0,200,240,40,s17 EDDY 18->8
item_v_b1,516,0,240,250,10,s16 WOOKY 16->13
item_v_b1,533,0,250,270,20,s16 WOOKY 13->9
item_v_b1,550,0,270,300,30,s16 WOOKY 9->4
item_v_b1,565,0,300,380,80,s16 WOOKY 4->-6 tot
item_v_b1,586,0,380,480,100,s17 EDDY 8->-2 tot
item_v_b1,684,0,480,490,10,s18 SKIP 36->33
item_v_b1,701,0,490,510,20,s18 SKIP 33->29
item_v_b1,718,0,510,540,30,s18 SKIP 29->24
item_v_b1,733,0,540,580,40,s18 SKIP 24->14
item_v_b1,831,0,580,600,20,s17 WOOKY 24->20
item_v_b1,851,0,600,620,20,s17 WOOKY 20->16
item_v_b1,871,0,620,640,20,s17 WOOKY 16->12
item_v_b1,888,0,640,650,10,s16 WOOKY 24->21
item_v_b1,905,0,650,670,20,s16 WOOKY 21->17
item_v_b1,922,0,670,700,30,s16 WOOKY 17->12
item_v_b1,937,0,700,740,40,s16 WOOKY 12->2
item_v_b1,1024,0,740,750,10,s18 SKIP 14->11
item_v_b1,1056,0,750,760,10,s18 SKIP 11->8
item_v_b1,1073,0,760,780,20,s18 SKIP 8->4
item_v_b1,1090,0,780,1060,280,s18 SKIP 4->-1 tot
item_v_b1,1135,0,1060,1140,80,s16 WOOKY 2->-2 tot
item_v_b1,1193,0,1140,1150,10,s17 WOOKY 12->9
item_v_b1,1209,0,1150,1170,20,s17 WOOKY 9->5
item_v_b1,1226,0,1170,1200,30,s17 WOOKY 5->0 tot
item_v_b1,1241,0,1200,1280,80,s17 WOOKY 0->-10 tot
item_v_b1,1424,0,1280,1300,20,s17 EDDY 34->30
item_v_b1,1443,0,1300,1320,20,s17 EDDY 30->26
item_v_b1,1463,0,1320,1340,20,s17 EDDY 26->22
item_v_b1,1512,0,1340,1350,10,s16 EDDY 34->31
item_v_b1,1529,0,1350,1370,20,s16 EDDY 31->27
item_v_b1,1546,0,1370,1400,30,s16 EDDY 27->22
item_v_b1,1561,0,1400,1440,40,s16 EDDY 22->12
item_v_b1,1672,0,1440,1450,10,s17 EDDY 22->19
item_v_b1,1689,0,1450,1470,20,s17 EDDY 19->15
item_v_b1,1706,0,1470,1500,30,s17 EDDY 15->10
item_v_b1,1722,0,1500,1540,40,s17 EDDY 10->0 tot
item_v_b1,1772,0,1540,1560,20,s16 EDDY 12->8
item_v_b1,1791,0,1560,1580,20,s16 EDDY 8->4
item_v_b1,1811,0,1580,1600,20,s16 EDDY 4->0 tot
item_v_b1,1912,0,1600,1700,100,s17 EDDY 0->-3 tot
item_v_b1,1914,0,1700,1800,100,s16 EDDY 0->-3 tot
item_v_b1,1915,0,1800,2300,500,
item_v_b1,2124,0,2300,2310,10,s18 WOOKY 26->23
item_v_b1,2141,0,2310,2320,10,s18 WOOKY 23->19
item_v_b1,2158,0,2320,2330,10,s18 WOOKY 19->14
item_v_b1,2173,0,2330,2340,10,s18 WOOKY 14->4
item_v_b1,2175,0,2340,2370,30,
item_v_b1,2208,0,2370,2380,10,
item_v_b1,2225,0,2380,2390,10,
item_v_b1,2242,0,2390,2400,10,
item_v_b1,2257,0,2400,2410,10,
item_v_b1,2292,0,2410,2420,10,
item_v_b1,2309,0,2420,2430,10,
item_v_b1,2326,0,2430,2440,10,
item_v_b1,2540,0,2440,2460,20,s18 WOOKY 4->1
item_v_b1,2584,0,2460,2470,10,
item_v_b1,2601,0,2470,2480,10,
item_v_b1,2618,0,2480,2490,10,
item_v_b1,2633,0,2490,2500,10,
item_v_b1,2668,0,2500,2510,10,
item_v_b1,2685,0,2510,3310,800,
item_v_b1,2811,0,3310,3390,80,s18 WOOKY 1->-3 tot
item_v_b1,4751,0,3390,3410,20,s18 WOOKY 28->24
item_v_b1,4771,0,3410,3430,20,s18 WOOKY 24->20
item_v_b1,4791,0,3430,3450,20,s18 WOOKY 20->16
item_v_b1,4824,0,3450,3460,10,s19 DOLG 110->107
item_v_b1,5052,0,3460,3470,10,s18 WOOKY 16->13
item_v_b1,5069,0,3470,3490,20,s18 WOOKY 13->9
item_v_b1,5086,0,3490,3520,30,s18 WOOKY 9->4
item_v_b1,5102,0,3520,3600,80,s18 WOOKY 4->-6 tot
item_v_b1,5193,0,3600,3610,10,s19 DOLG 107->104
item_v_b1,5265,0,3610,3690,80,s16 WOOKY 1->-2 tot
item_v_b1,5271,0,3690,5690,2000,s19 DOLG 1->-2 tot
item_v_b2,429,1,200,710,510,s19 SKIP 12->9
item_v_b2,477,1,760,1050,290,s19 SKIP 0->-10 tot
item_v_b2,605,1,1110,1400,290,s18 SKIP 0->-10 tot
item_v_b2,1962,1,1690,1750,60,s14 SKIP 29->24; s19 SKIP 32->27
item_v_b2,2206,1,1850,2240,390,s14 SKIP 17->12; s15 SKIP 3->-2 tot; s18 0x36fb2 46->41
item_v_b2,2221,1,2240,2360,120,s14 SKIP 12->2; s17 0x36fb2 30->20; s18 0x36fb2 41->31
item_v_b2,2440,1,2480,2800,320,s14 SKIP 2->-1 tot; s16 0x36fb2 4->1
item_v_b2,2669,1,2860,3560,700,s17 0x36fb2 8->-2 tot
item_v_b2,4449,1,3640,4340,700,s18 0x36fb2 1->-2 tot
item_v_b2,5038,1,4490,4550,60,s16 0x20c1c 27->22; s17 0x20c1c 30->25
item_v_b2,5053,1,4550,4630,80,s16 0x20c1c 22->12; s17 0x20c1c 25->15
item_v_b2,5574,1,4870,5000,130,s16 0x20c1c 2->-3 tot
item_v_b2,5642,1,5050,5110,60,s14 0x20c1c 8->3; s15 0x20c1c 27->22
item_v_b2,5681,1,5130,5270,140,s14 0x20c1c 0->-4 tot; s15 0x20c1c 19->15
item_v_b2,5766,1,5330,5460,130,s15 0x20c1c 3->-2 tot
item_v_b2,5842,1,5490,5670,180,s18 0x20c1c 3->-2 tot
item_v_b2,5953,1,5730,5870,140,s17 0x20c1c 3->-7 tot
item_v_b2,7002,1,6210,6340,130,s16 0x20c1c 2->-3 tot
item_v_b2,7506,1,6590,6720,130,s13 0x20c1c 2->-3 tot
item_v_b2,7829,1,6840,7030,190,s18 0x20c1c 5->-5 tot
item_v_b2,8210,1,7240,7570,330,s14 0x29c36 3->-2 tot
item_v_b2,11024,1,7570,10570,3000,s19 0x4bd3c 1->-2 tot
item_v_b3,613,2,330,410,80,s17 0x29c36 10->0 tot; s18 SKIP 19->9
item_v_b3,698,2,470,530,60,s14 0x3a2d6 85->80; s15 SKIP 27->22; s16 SKIP 27->22
item_v_b3,713,2,560,680,120,s14 0x3a2d6 80->70; s15 SKIP 22->12; s16 SKIP 22->12
item_v_b3,796,2,680,940,260,s19 SKIP 1->-2 tot
item_v_b3,848,2,940,1200,260,s18 SKIP 1->-2 tot
item_v_b3,933,2,1210,1550,340,s14 0x3a2d6 67->63; s17 0x29c36 1->-3 tot
item_v_b3,973,2,1610,1990,380,s14 0x3a2d6 58->48; s16 SKIP 7->-3 tot
item_v_b3,1411,2,2160,2480,320,s15 SKIP 0->-4 tot
item_v_b3,1497,2,2510,2570,60,s14 0x3a2d6 38->34; s16 0x36fb2 8->4; s17 0x36fb2 24->20
item_v_b3,1514,2,2570,3330,760,s14 0x3a2d6 34->29; s16 0x36fb2 4->-1 tot; s17 0x36fb2 20->15
item_v_b3,1529,2,3330,3410,80,s14 0x3a2d6 29->19; s17 0x36fb2 15->5
item_v_b3,1658,2,3500,3560,60,s15 SKIP 22->17; s18 SKIP 29->24
item_v_b3,1673,2,3560,3640,80,s15 SKIP 17->7; s18 SKIP 24->14
item_v_b3,1761,2,3660,4380,720,s14 0x3a2d6 16->12; s17 0x36fb2 2->-2 tot
item_v_b3,1793,2,4410,5350,940,s14 0x3a2d6 7->-3 tot
item_v_b3,1928,2,5410,5730,320,s15 SKIP 0->-3 tot; s18 SKIP 7->4
item_v_b3,1962,2,5750,6080,330,s18 SKIP 0->-5 tot
item_v_b3,3196,2,6270,6380,110,s14 0x6c660 1->-2 tot; s15 0x6c660 8->5
item_v_b3,3233,2,6390,6490,100,s15 0x6c660 2->-2 tot
item_v_b3,3300,2,6490,7490,1000,s18 0x2d15c 1->-2 tot
item_v_b3,4294,2,7670,7730,60,s16 0x6c660 23->18; s18 0x6c660 11->6
item_v_b3,4309,2,7730,7870,140,s16 0x6c660 18->8; s18 0x6c660 6->-4 tot
item_v_b3,4461,2,7940,8040,100,s19 0x6c660 6->-4 tot
item_v_b3,4542,2,8070,8170,100,s16 0x6c660 1->-4 tot
item_v_b3,4873,2,8340,8460,120,s15 0x70430 1->-2 tot
item_v_b3,5078,2,8600,8900,300,
item_v_b3,5162,2,8930,9080,150,s16 0x74164 1->-4 tot
item_v_b3,5196,2,9080,9200,120,s18 0x70430 1->-2 tot
item_v_b3,5260,2,9200,9350,150,s19 0x74164 1->-2 tot
item_v_b3,5288,2,9350,9450,100,s17 0x6c660 1->-2 tot
item_v_b3,6672,2,9550,10550,1000,s18 0x2d15c 1->-2 tot
item_v_b3,6882,2,10610,10670,60,s16 0x6c660 25->20; s17 0x74164 31->26
item_v_b3,6897,2,10670,10750,80,s16 0x6c660 20->10; s17 0x74164 26->16
item_v_b3,7451,2,10840,10940,100,s16 0x6c660 2->-2 tot
item_v_b3,7956,2,10940,11060,120,s18 0x70430 1->-2 tot
item_v_b3,7985,2,11060,11210,150,s17 0x74164 1->-3 tot
item_v_b3,9139,2,11210,15230,4020,s19 0x42d34 1->-3 tot
item_v_b4,230,3,90,170,80,s19 WOOKY 3->-2 tot
item_v_b4,829,3,230,330,100,s14 DICK 8->-2 tot
item_v_b4,953,3,390,490,100,s13 DICK 8->-2 tot
item_v_b4,2045,3,740,810,70,s14 WOOKY 17->13; s15 WOOKY 21->17; s16 WOOKY 21->17; s17 WOOKY 10->6
item_v_b4,2103,3,830,990,160,
item_v_b4,2243,3,990,1070,80,s15 WOOKY 1->-3 tot
item_v_b4,2268,3,1070,1870,800,s8 WOOKY 24->21
item_v_b4,2276,3,1880,1960,80,s17 WOOKY 1->-2 tot
item_v_b4,3359,3,2000,2080,80,s9 WOOKY 1->-3 tot
item_v_b4,3394,3,2090,2170,80,s8 WOOKY 3->-1 tot
item_v_b4,3508,3,2170,2970,800,s19 WOOKY 1->-2 tot
item_v_b4,3510,3,2970,3050,80,
item_v_b4,5204,3,3050,8060,5010,s18 0x3dab0 1->-2 tot
item_v_b5,153,4,0,100,100,s18 0x6c660 8->5; s18 0x6c660 5->-1 tot
item_v_b5,196,4,100,200,100,s17 0x6c660 8->5; s17 0x6c660 5->-1 tot
item_v_b5,240,4,200,300,100,s16 0x6c660 8->5; s16 0x6c660 5->-1 tot
item_v_b5,292,4,300,400,100,s18 0x6c660 8->5; s18 0x6c660 5->-1 tot
item_v_b5,320,4,400,500,100,s15 0x6c660 8->5; s15 0x6c660 5->-1 tot
item_v_b5,436,4,500,600,100,s17 0x6c660 8->5; s17 0x6c660 5->-1 tot
item_v_b5,445,4,600,700,100,s18 0x6c660 8->5; s18 0x6c660 5->-1 tot
item_v_b5,480,4,700,800,100,s16 0x6c660 8->5; s16 0x6c660 5->-1 tot
item_v_b5,497,4,800,900,100,s15 0x6c660 8->4; s15 0x6c660 4->-1 tot
item_v_b5,540,4,900,1000,100,s14 0x6c660 8->5; s14 0x6c660 5->-1 tot
item_v_b5,564,4,1000,1100,100,s13 0x6c660 8->5; s13 0x6c660 5->-1 tot
item_v_b5,574,4,1100,1250,150,s17 0x74164 8->5; s17 0x74164 5->-1 tot
item_v_b5,640,4,1250,1450,200,s15 0x6c660 8->5; s15 0x6c660 5->-1 tot; s16 0x6c660 8->5; s16 0x6c660 5->-1 tot
item_v_b5,672,4,1450,1600,150,s14 0x74164 8->5; s14 0x74164 5->-1 tot
item_v_b5,943,4,1600,2100,500,
item_v_b5,1252,4,2100,2200,100,s13 0x6c660 8->5; s13 0x6c660 5->-1 tot
item_v_b5,1408,4,2200,2350,150,s15 0x74164 8->5; s15 0x74164 5->-1 tot
item_v_b5,1480,4,2350,2450,100,s13 0x6c660 8->5; s13 0x6c660 5->-1 tot
item_v_b5,1501,4,2450,2550,100,s17 0x6c660 8->4; s17 0x6c660 4->-1 tot
item_v_b5,1516,4,2550,2700,150,s14 0x74164 8->5; s14 0x74164 5->-1 tot
item_v_b5,1586,4,2700,3200,500,
item_v_b5,1788,4,3200,3700,500,
item_v_b5,1920,4,3700,3800,100,s17 0x6c660 8->5; s17 0x6c660 5->-1 tot
item_v_b5,1981,4,3800,3950,150,s16 0x74164 8->5; s16 0x74164 5->-1 tot
item_v_b5,1990,4,3950,4070,120,s14 0x70430 8->5; s14 0x70430 5->-1 tot
item_v_b5,2018,4,4070,4190,120,s15 0x70430 8->4; s15 0x70430 4->-1 tot
item_v_b5,2049,4,4190,4290,100,s13 0x6c660 8->5; s13 0x6c660 5->-1 tot
item_v_b5,2084,4,4290,4390,100,s17 0x6c660 8->5; s17 0x6c660 5->-1 tot
item_v_b5,2116,4,4390,4540,150,s18 0x74164 8->5; s18 0x74164 5->-1 tot
item_v_b5,2212,4,4540,4640,100,s15 0x6c660 8->5; s15 0x6c660 5->-1 tot
item_v_b5,2236,4,4640,4740,100,s13 0x6c660 8->5; s13 0x6c660 5->-1 tot
item_v_b5,2261,4,4740,4890,150,s17 0x74164 8->4; s17 0x74164 4->-1 tot
item_v_b5,2481,4,4890,4990,100,
item_v_b5,2485,4,4990,5090,100,
item_v_b5,2489,4,5090,5190,100,
item_v_b5,2493,4,5190,5290,100,
item_v_b5,2497,4,5290,5390,100,
item_v_b5,2501,4,5390,5490,100,
item_v_b5,2505,4,5490,5590,100,
item_v_b5,2509,4,5590,5690,100,
item_v_b5,2513,4,5690,5790,100,
item_v_b5,2517,4,5790,5890,100,
item_v_b5,2521,4,5890,5990,100,
item_v_b5,2525,4,5990,6090,100,
item_v_b5,2529,4,6090,6190,100,
item_v_b5,2533,4,6190,6290,100,
item_v_b5,2537,4,6290,6390,100,
item_v_b5,2541,4,6390,6490,100,
item_v_b5,2545,4,6490,6590,100,
item_v_b5,2549,4,6590,6690,100,
item_v_b5,2553,4,6690,6790,100,
item_v_b5,2557,4,6790,6890,100,
item_v_b5,2561,4,6890,6990,100,
item_v_b5,2565,4,6990,7090,100,
item_v_b5,2569,4,7090,7190,100,
item_v_b5,2573,4,7190,7290,100,
item_v_b5,2577,4,7290,7390,100,
item_v_b5,2581,4,7390,7490,100,
item_v_b5,2585,4,7490,7590,100,
item_v_b5,2589,4,7590,7690,100,
item_v_b5,2593,4,7690,7790,100,
item_v_b5,2597,4,7790,7890,100,
item_v_b5,2632,4,7890,7990,100,
item_v_b5,2636,4,7990,8090,100,
item_v_b5,2640,4,8090,8190,100,
item_v_b5,2644,4,8190,8290,100,
item_v_b5,2648,4,8290,8390,100,
item_v_b5,2652,4,8390,8490,100,
item_v_b5,2656,4,8490,8590,100,
item_v_b5,2660,4,8590,8690,100,
item_v_b5,2664,4,8690,8790,100,
item_v_b5,2668,4,8790,8890,100,
item_v_b5,3389,4,9020,9120,100,s17 0x6c660 8->5; s17 0x6c660 5->-1 tot
item_v_b5,3540,4,9120,9270,150,s16 0x74164 8->5; s16 0x74164 5->-1 tot
item_v_b5,3573,4,9270,9370,100,s17 0x6c660 8->5; s17 0x6c660 5->-1 tot
item_v_b5,3608,4,9370,9470,100,s18 0x6c660 8->5; s18 0x6c660 5->-1 tot
item_v_b5,3796,4,9470,9570,100,s18 0x6c660 8->5; s18 0x6c660 5->-1 tot
item_v_b5,3826,4,9570,9670,100,s16 0x6c660 8->4; s16 0x6c660 4->-1 tot
item_v_b5,3892,4,9670,9770,100,s17 0x6c660 8->5; s17 0x6c660 5->-1 tot
item_v_b5,3960,4,9770,9930,160,s16 0x74164 8->5; s16 0x74164 5->-1 tot; s19 0x58c64 41->38
item_v_b5,4112,4,10020,10120,100,s16 0x6c660 8->5; s16 0x6c660 5->-1 tot
item_v_b5,4318,4,10130,10280,150,s18 0x74164 8->5; s18 0x74164 5->-1 tot
item_v_b5,4680,4,10330,10430,100,s18 0x6c660 8->5; s18 0x6c660 5->-1 tot
item_v_b5,4872,4,10430,10580,150,s16 0x74164 8->5; s16 0x74164 5->-1 tot
item_v_b5,5072,4,10580,10680,100,s16 0x6c660 8->5; s16 0x6c660 5->-1 tot
item_v_b5,5292,4,10680,10830,150,s16 0x74164 8->5; s16 0x74164 5->-1 tot
item_v_b5,5362,4,10860,16980,6120,s17 0x70430 8->3; s17 0x70430 3->-1 tot; s19 0x58c64 0->-5 tot
item_v_b5,5602,4,16980,17080,100,
item_v_b6,442,5,250,330,80,s18 WOOKY 0->-3 tot
item_v_b6,589,5,470,570,100,s15 EDDY 7->-3 tot
item_v_b6,1177,5,780,880,100,s13 DICK 5->-5 tot
item_v_b6,1553,5,880,1790,910,s19 0x3a2d6 1->-2 tot
item_v_b6,1621,5,1850,1950,100,s18 EDDY 3->-7 tot
item_v_b6,1677,5,1950,2650,700,s14 0x36fb2 1->-2 tot
item_v_b6,1880,5,2650,2750,100,s15 DICK 1->-2 tot
item_v_b6,1924,5,2750,3450,700,s16 0x36fb2 1->-2 tot
item_v_b6,2363,5,3570,3650,80,
item_v_b6,2453,5,3740,3820,80,s18 DICK 16->6; s19 0x36fb2 23->13
item_v_b6,3086,5,4020,4120,100,s18 DICK 3->-1 tot
item_v_b6,3456,5,4300,5100,800,
item_v_b6,3493,5,5100,5800,700,s19 0x36fb2 1->-2 tot
item_v_b6,3545,5,5810,5890,80,s15 WOOKY 1->-3 tot
item_v_b6,3718,5,5950,6650,700,s14 0x36fb2 0->-10 tot
item_v_b6,3818,5,6680,6760,80,s13 WOOKY 1->-4 tot
item_v_b6,4773,5,7090,7190,100,s16 EDDY 11->7; s17 WOOKY 3->-1 tot
item_v_b6,4846,5,7220,7320,100,s16 EDDY 0->-5 tot
item_v_b6,5892,5,7720,8530,810,s14 0x3265c 1->-2 tot
item_v_b6,5924,5,8530,8610,80,s16 WOOKY 1->-2 tot
item_v_b6,6232,5,8610,9420,810,s15 0x3265c 1->-2 tot
item_v_b6,6289,5,9420,9730,310,s13 0x29c36 1->-2 tot
item_v_b6,6444,5,9730,9830,100,s17 EDDY 1->-2 tot
item_v_b6,6929,5,9890,9970,80,s13 DICK 22->18; s14 DICK 22->18; s15 WOOKY 23->19; s16 WOOKY 27->23
item_v_b6,6946,5,9970,10090,120,s13 DICK 18->13; s14 DICK 18->13; s15 WOOKY 19->14; s16 WOOKY 23->18
item_v_b6,6961,5,10090,10250,160,s13 DICK 13->3; s14 DICK 13->3; s15 WOOKY 14->4; s16 WOOKY 18->8
item_v_b6,7309,5,10360,10460,100,s14 DICK 0->-4 tot
item_v_b6,7397,5,10470,10570,100,s13 DICK 0->-4 tot
item_v_b6,7512,5,10590,10670,80,s15 WOOKY 0->-3 tot
item_v_b6,7770,5,10780,10890,110,s12 EDDY 34->29; s16 WOOKY 1->-4 tot
item_v_b6,7845,5,10910,11030,120,s12 EDDY 26->22; s17 EDDY 1->-3 tot
item_v_b6,8320,5,11130,11230,100,s12 EDDY 0->-3 tot
item_v_b6,9129,5,11630,11970,340,s15 0x29c36 4->-6 tot
item_v_b6,9150,5,11970,16970,5000,s18 0x8065a 0->-10 tot
item_v_b7,730,6,450,510,60,s15 0x74164 10->5; s16 0x74164 20->15
item_v_b7,745,6,510,700,190,s15 0x74164 5->-5 tot; s16 0x74164 15->5
item_v_b7,780,6,700,1000,300,s14 0x6c660 1->-2 tot; s17 0x6c660 1->-2 tot; s18 0x6c660 1->-2 tot
item_v_b7,841,6,1000,1100,100,s13 0x6c660 1->-2 tot
item_v_b7,957,6,1110,1260,150,s16 0x74164 2->-2 tot
item_v_b7,1173,6,1350,1430,80,s13 0x6c660 23->13; s16 0x6c660 16->6
item_v_b7,1461,6,1580,1680,100,s16 0x6c660 3->-1 tot
item_v_b7,1577,6,1700,1900,200,s13 0x6c660 0->-4 tot; s18 0x6c660 3->-1 tot
item_v_b7,1926,6,1960,2020,60,s12 WOOKY 17->12; s18 WOOKY 17->12
item_v_b7,1941,6,2020,2100,80,s12 WOOKY 12->2; s18 WOOKY 12->2
item_v_b7,2058,6,2190,2280,90,s11 WOOKY 14->9; s15 WOOKY 17->12; s17 WOOKY 20->15
item_v_b7,2062,6,2280,2360,80,s18 WOOKY 2->-3 tot
item_v_b7,2077,6,2360,2600,240,s11 WOOKY 9->-1 tot; s12 WOOKY 2->-8 tot; s15 WOOKY 12->2; s17 WOOKY 15->5
item_v_b7,2167,6,2600,2680,80,s15 WOOKY 2->-2 tot
item_v_b7,2201,6,2690,2770,80,s17 WOOKY 2->-1 tot
item_v_b7,2481,6,2860,2920,60,s12 EDDY 19->15; s15 EDDY 31->27; s17 EDDY 31->27
item_v_b7,2506,6,2940,3060,120,s11 EDDY 30->25; s12 EDDY 15->10; s15 EDDY 27->22; s17 EDDY 27->22
item_v_b7,2521,6,3060,3220,160,s11 EDDY 25->15; s12 EDDY 10->0 tot; s15 EDDY 22->12; s17 EDDY 22->12
item_v_b7,2617,6,3240,3340,100,s12 EDDY 0->-3 tot
item_v_b7,2654,6,3400,3490,90,s11 EDDY 8->3; s15 EDDY 8->3; s17 EDDY 5->0 tot
item_v_b7,2670,6,3490,3790,300,s11 EDDY 3->-7 tot; s15 EDDY 3->-7 tot; s17 EDDY 0->-10 tot
item_v_b7,3140,6,4050,4150,100,s19 EDDY 2->-2 tot
item_v_b7,3441,6,4320,4420,100,s17 DICK 6->-4 tot
item_v_b7,3823,6,4500,4600,100,s11 DICK 1->-3 tot
item_v_b7,3899,6,4600,4680,80,s18 WOOKY 1->-3 tot
item_v_b7,4049,6,4720,4820,100,s15 DICK 1->-5 tot
item_v_b7,4677,6,5030,5110,80,s12 EDDY 19->9; s19 DICK 11->1
item_v_b7,4771,6,5200,5300,100,s19 DICK 1->-3 tot
item_v_b7,4822,6,5360,5490,130,s11 DICK 11->6; s12 EDDY 2->-3 tot
item_v_b7,4837,6,5490,5590,100,s11 DICK 6->-4 tot
item_v_b7,5166,6,5640,5740,100,s18 DICK 4->-1 tot
item_v_b7,5365,6,5860,5960,100,s16 DICK 3->-7 tot
item_v_b7,5429,6,5970,6070,100,s17 EDDY 3->-1 tot
item_v_b7,5849,6,6260,6340,80,s12 EDDY 33->23; s17 0x3a2d6 83->73
item_v_b7,6041,6,6500,6580,80,s16 0x3a2d6 73->63; s18 WOOKY 16->6
item_v_b7,6130,6,6650,7580,930,s17 0x3a2d6 1->-4 tot
item_v_b7,6160,6,7580,7680,100,s11 EDDY 1->-2 tot
item_v_b7,6261,6,7770,7910,140,s12 EDDY 1->-9 tot; s16 0x3a2d6 58->48; s18 WOOKY 6->-4 tot
item_v_b7,6262,6,7910,7990,80,s18 WOOKY 6->-4 tot
item_v_b7,6454,6,8110,8170,60,s17 DICK 18->13; s19 DICK 17->12
item_v_b7,6477,6,8200,8320,120,s15 EDDY 21->11; s17 DICK 13->3; s19 DICK 12->2
item_v_b7,6632,6,8420,8520,100,s19 DICK 2->-1 tot
item_v_b7,6709,6,8540,8660,120,s15 EDDY 8->4; s17 DICK 0->-4 tot
item_v_b7,6726,6,8660,8760,100,s15 EDDY 1->-4 tot
item_v_b7,7325,6,8800,9740,940,s16 0x3a2d6 1->-5 tot
item_v_b7,8278,6,9790,9850,60,s10 0x3a2d6 100->95; s15 0x3a2d6 93->88
item_v_b7,8293,6,9850,9930,80,s10 0x3a2d6 95->85; s15 0x3a2d6 88->78
item_v_b7,10056,6,10640,11550,910,s10 0x3a2d6 1->-2 tot
item_v_b7,10117,6,11560,12480,920,s15 0x3a2d6 1->-3 tot
item_v_b7,10160,6,12480,13480,1000,s11 0x2d15c 1->-2 tot
item_v_b7,10212,6,13480,14480,1000,s12 0x2d15c 1->-2 tot
item_v_b7,10825,6,14540,14640,100,s12 DICK 4->-6 tot
item_v_b7,11262,6,14760,14820,60,s11 WOOKY 27->22; s15 WOOKY 27->22
item_v_b7,11277,6,14820,14900,80,s11 WOOKY 22->12; s15 WOOKY 22->12
item_v_b7,11401,6,14960,15060,100,s12 DICK 4->-6 tot
item_v_b7,11517,6,15120,15240,120,s11 WOOKY 12->2; s15 WOOKY 0->-10 tot
item_v_b7,11748,6,15240,15320,80,s11 WOOKY 2->-1 tot
item_v_b7,15032,6,15320,22330,7010,s19 0x54056 1->-2 tot
item_v_b8,677,7,310,390,80,s14 WOOKY 0->-3 tot
item_v_b8,756,7,390,1090,700,s19 0x36fb2 1->-2 tot
item_v_b8,905,7,1190,1270,80,s15 WOOKY 0->-3 tot
item_v_b8,1009,7,1290,2010,720,s12 EDDY 31->27; s16 0x36fb2 2->-2 tot
item_v_b8,1213,7,2150,2210,60,s13 EDDY 31->27; s14 EDDY 31->27; s19 EDDY 31->27
item_v_b8,1230,7,2210,2300,90,s13 EDDY 27->22; s14 EDDY 27->22; s19 EDDY 27->22
item_v_b8,1245,7,2300,2420,120,s13 EDDY 22->12; s14 EDDY 22->12; s19 EDDY 22->12
item_v_b8,1558,7,2530,2590,60,s15 DICK 13->8; s19 EDDY 8->3
item_v_b8,1581,7,2620,2920,300,s13 EDDY 7->-3 tot; s15 DICK 8->-2 tot; s19 EDDY 3->-7 tot
item_v_b8,1851,7,2980,3080,100,s16 DICK 0->-4 tot
item_v_b8,1910,7,3110,3210,100,s14 EDDY 1->-4 tot
item_v_b8,1961,7,3210,3310,100,s12 EDDY 2->-1 tot
item_v_b8,2698,7,3370,4070,700,s15 0x36fb2 4->-6 tot
item_v_b8,2993,7,4130,4210,80,s12 0x36fb2 23->13; s16 0x36fb2 35->25
item_v_b8,3406,7,4350,5050,700,s12 0x36fb2 3->-2 tot
item_v_b8,3501,7,5060,5760,700,s16 0x36fb2 0->-4 tot
item_v_b8,3853,7,5820,6660,840,s15 0x3265c 4->-6 tot
item_v_b8,4165,7,6780,7620,840,s16 0x3265c 4->-6 tot
item_v_b8,4474,7,7680,7780,100,
item_v_b8,4518,7,7840,7900,60,s15 0x3265c 9->4; s18 DICK 16->11
item_v_b8,4533,7,7900,8780,880,s15 0x3265c 4->-6 tot; s18 DICK 11->1
item_v_b8,4746,7,8860,8960,100,
item_v_b8,4921,7,8990,9070,80,s16 WOOKY 1->-3 tot
item_v_b8,5113,7,9070,9170,100,s18 DICK 1->-2 tot
item_v_b8,5490,7,9260,9360,100,
item_v_b8,5517,7,9370,9450,80,s17 WOOKY 1->-3 tot
item_v_b8,5574,7,9500,9560,60,s14 DICK 17->12; s18 EDDY 34->29
item_v_b8,5589,7,9560,9640,80,s14 DICK 12->2; s18 EDDY 29->19
item_v_b8,5805,7,9700,10510,810,s15 0x3265c 1->-2 tot
item_v_b8,5809,7,10510,11350,840,s19 0x3265c 1->-2 tot
item_v_b8,5856,7,11390,11490,100,s13 DICK 1->-2 tot
item_v_b8,5883,7,11490,11590,100,s14 DICK 2->-2 tot
item_v_b8,5935,7,11620,11720,100,s16 EDDY 2->-2 tot
item_v_b8,5965,7,11750,11850,100,s12 DICK 9->-1 tot
item_v_b8,6205,7,11910,12010,100,s18 EDDY 7->-3 tot
item_v_b8,6962,7,12070,12130,60,s17 0x29c36 45->40; s18 0x29c36 45->40
item_v_b8,6977,7,12130,12210,80,s17 0x29c36 40->30; s18 0x29c36 40->30
item_v_b8,7857,7,12470,12810,340,s18 0x29c36 5->-5 tot
item_v_b8,8372,7,12910,13220,310,s17 0x29c36 1->-2 tot
item_v_b8,8459,7,13220,13300,80,s14 WOOKY 1->-3 tot
item_v_b8,8493,7,13300,13380,80,s13 WOOKY 1->-2 tot
item_v_b8,9275,7,13380,13690,310,s16 0x29c36 1->-2 tot
item_v_b8,11520,7,14020,22020,8000,s14 0x79e96 0->-3 tot
item_v_b8,12029,7,22090,30090,8000,s16 0x79e96 1->-3 tot
item_v_b9,334,8,60,120,60,s16 0x20c1c 41->36; s17 0x20c1c 21->16
item_v_b9,349,8,120,200,80,s16 0x20c1c 36->26; s17 0x20c1c 16->6
item_v_b9,673,8,360,500,140,s18 0x20c1c 7->-3 tot
item_v_b9,1176,8,560,670,110,s15 0x20c1c 1->-2 tot
item_v_b9,1640,8,690,1030,340,s16 0x20c1c 1->-3 tot
item_v_b9,1661,8,1030,1140,110,s17 0x20c1c 1->-2 tot
item_v_b9,1727,8,1140,1840,700,s13 0x36fb2 1->-2 tot
item_v_b9,1840,8,1840,2540,700,s14 0x36fb2 1->-2 tot
item_v_b9,3010,8,2700,2760,60,s13 SKIP 17->12; s14 SKIP 19->14
item_v_b9,3025,8,2760,2840,80,s13 SKIP 12->2; s14 SKIP 14->4
item_v_b9,3349,8,2850,3120,270,s14 SKIP 1->-3 tot
item_v_b9,3564,8,3120,3380,260,s13 SKIP 1->-2 tot
item_v_b9,4469,8,3590,3670,80,s14 WOOKY 3->-1 tot
item_v_b9,4541,8,3670,3750,80,s13 WOOKY 1->-2 tot
item_v_b9,5013,8,3840,3920,80,s13 EDDY 24->14; s14 EDDY 31->21
item_v_b9,5330,8,4160,4220,60,s14 EDDY 14->9; s16 SKIP 5->0 tot
item_v_b9,5364,8,4220,4490,270,s14 EDDY 9->6; s16 SKIP 0->-3 tot
item_v_b9,5398,8,4510,4610,100,s14 EDDY 2->-3 tot
item_v_b9,5679,8,4610,4710,100,s13 EDDY 0->-4 tot
item_v_b9,5970,8,4890,5170,280,s17 SKIP 0->-5 tot
item_v_b9,6178,8,5230,5290,60,s13 WOOKY 23->18; s17 WOOKY 23->18
item_v_b9,6193,8,5290,5370,80,s13 WOOKY 18->8; s17 WOOKY 18->8
item_v_b9,6703,8,5440,5520,80,s17 WOOKY 1->-3 tot
item_v_b9,6913,8,5530,5630,100,s13 WOOKY 1->-3 tot; s14 SKIP 39->35
item_v_b9,7316,8,5700,5960,260,s17 SKIP 1->-2 tot
item_v_b9,7676,8,6080,8080,2000,s19 DOLG 1->-2 tot
item_v_b9,11657,8,8080,23080,15000,s19 0x68de6 1->-2 tot
## aufnahme
lauf,P,slot,art,dx,dz,blick,flag78,hoehe,aufgenommen,lp_vor,lp_nach,pkt_diff,waffe_nach,mun_vor,mun_nach,akt_nach,dauer_12,frei_ab,st_p4
item_v_e_s2_lp50,145,55,Brathaehnchen,6,0,links,1,0,1,50,72,0,0,0,0,0x12,7,153,2
item_v_e_s2_lp72,145,55,Brathaehnchen,6,0,links,1,0,1,72,72,1000,0,0,0,0x12,7,153,2
item_v_e_s3s_lp40,25,52,SHURIKEN,-25,7,links,1,0,1,40,40,300,0,5,0,0x12,7,33,2
item_v_e_s3s_lp72,25,52,SHURIKEN,-25,7,links,1,0,1,72,72,300,0,5,0,0x12,7,33,2
item_v_e_s624_lp31,89,58,0x24,-16,-1,links,1,0,1,31,71,0,0,0,3,0x12,7,97,2
item_v_e_s624_lp33,89,58,0x24,-16,-1,links,1,0,1,33,72,0,0,0,3,0x12,7,97,2
item_v_e_s624_lp72,89,58,0x24,-16,-1,links,1,0,1,72,72,500,0,0,3,0x12,7,97,2
item_v_e_s6t_lp16,55,49,TENDON,-19,-3,links,1,0,1,16,71,0,0,0,0,0x12,7,63,2
item_v_e_s6t_lp17,55,49,TENDON,-19,-3,links,1,0,1,17,72,0,0,0,0,0x12,7,63,2
item_v_e_s6t_lp72,55,49,TENDON,-19,-3,links,1,0,1,72,72,800,0,0,0,0x12,7,63,2
item_v_e_s7c_lp55,15,51,CHERRY,20,3,rechts,1,0,1,55,71,0,0,0,6,0x12,7,23,2
item_v_e_s7c_lp57,15,51,CHERRY,20,3,rechts,1,0,1,57,72,0,0,0,6,0x12,7,23,2
item_v_e_s7c_r10,15,51,CHERRY,20,3,rechts,1,0,1,72,72,100,0,0,6,0x12,7,23,2
item_v_e_s7c_r12,15,51,CHERRY,16,3,rechts,1,0,1,72,72,100,0,0,6,0x12,7,23,2
item_v_e_s7c_r4,15,51,CHERRY,30,3,rechts,0,0,0,72,72,0,0,0,6,0x10,0,,1
item_v_e_s7c_r6,15,51,CHERRY,27,3,rechts,0,0,0,72,72,0,0,0,6,0x10,0,,1
item_v_e_s7c_r7d,15,51,CHERRY,24,2,rechts,0,0,0,72,72,0,0,0,6,0x10,0,,1
item_v_e_s7c_r8,15,51,CHERRY,23,3,rechts,0,0,0,72,72,0,0,0,6,0x10,0,,1
item_v_e_s7c_r8d,15,51,CHERRY,22,2,rechts,1,0,1,72,72,100,0,0,6,0x12,7,23,2
item_v_e_s7c_r9,15,51,CHERRY,21,3,rechts,1,0,1,72,72,100,0,0,6,0x12,7,23,2
item_v_e_s7c_r9d,15,51,CHERRY,20,2,rechts,1,0,1,72,72,100,0,0,6,0x12,7,23,2
item_v_e_s82a_lp59,3,45,0x2A,11,3,rechts,1,0,1,59,71,0,0,0,0,0x12,7,11,2
item_v_e_s82a_lp61,3,45,0x2A,11,3,rechts,1,0,1,61,72,0,0,0,0,0x12,7,11,2
item_v_e_s82a_lp72,3,45,0x2A,11,3,rechts,1,0,1,72,72,100,0,0,0,0x12,7,11,2
item_v_e_s8c_lp30,25,45,CHERRY,19,0,rechts,1,0,1,30,46,0,0,0,0,0x12,7,33,2
item_v_e_s8c_lp72,25,45,CHERRY,19,0,rechts,1,0,1,72,72,100,0,0,0,0x12,7,33,2
item_v_fass_rakete,220,50,MISSILE,-31,4,links,1,0,1,72,72,0,1,3,3,0x12,7,228,2
item_v_huhn_dx19,135,39,Brathaehnchen,17,1,rechts,1,0,1,72,72,1000,0,0,0,0x12,7,143,2
item_v_huhn_dx20,135,39,Brathaehnchen,20,-1,rechts,1,0,1,72,72,1000,0,0,0,0x12,7,143,2
item_v_huhn_links2,70,34,Brathaehnchen,-10,0,links,1,0,1,30,72,0,0,0,0,0x12,7,78,2
item_v_huhn_links,60,34,Brathaehnchen,-26,0,links,1,0,0,30,30,0,1,0,3,0x12,7,68,2
item_v_huhn_lp2,135,39,Brathaehnchen,18,-1,rechts,1,0,1,2,72,0,0,0,0,0x12,7,143,2
item_v_huhn_lp35,135,39,Brathaehnchen,18,-1,rechts,1,0,1,35,72,0,0,0,0,0x12,7,143,2
item_v_huhn_lp66,135,39,Brathaehnchen,18,-1,rechts,1,0,1,66,72,0,0,0,0,0x12,7,143,2
item_v_huhn_lp71,135,39,Brathaehnchen,18,-1,rechts,1,0,1,71,72,0,0,0,0,0x12,7,143,2
item_v_huhn_lp72,135,39,Brathaehnchen,18,-1,rechts,1,0,1,72,72,1000,0,0,0,0x12,7,143,2
item_v_hx_a1,135,39,Brathaehnchen,30,-1,rechts,0,0,0,72,72,0,0,0,0,0x10,0,,1
item_v_hx_b1,135,39,Brathaehnchen,31,0,rechts,0,0,0,72,72,0,0,0,0,0x10,0,,1
item_v_hx_d3,135,39,Brathaehnchen,24,1,rechts,1,0,1,72,72,1000,0,0,0,0x12,7,143,2
item_v_hx_d4,135,39,Brathaehnchen,22,1,rechts,1,0,1,72,72,1000,0,0,0,0x12,7,143,2
item_v_hx_d5,135,39,Brathaehnchen,21,1,rechts,1,0,1,72,72,1000,0,0,0,0x12,7,143,2
item_v_hx_d6,135,39,Brathaehnchen,19,1,rechts,1,0,1,72,72,1000,0,0,0,0x12,7,143,2
item_v_hx_j2,135,39,Brathaehnchen,29,1,rechts,1,0,1,72,72,1000,0,0,0,0x12,5,141,2
item_v_hx_k1,135,39,Brathaehnchen,28,-1,rechts,1,0,1,72,72,1000,0,0,0,0x12,5,141,2
item_v_hx_k2,135,39,Brathaehnchen,28,-1,rechts,1,0,1,72,72,1000,0,0,0,0x12,5,141,2
item_v_hx_k2j1,135,39,Brathaehnchen,26,1,rechts,1,0,1,72,72,1000,0,0,0,0x12,5,141,2
item_v_hx_l1,135,39,Brathaehnchen,35,-1,links,0,0,0,72,72,0,0,0,0,0x10,0,,1
item_v_hx_r3,135,39,Brathaehnchen,27,-1,rechts,1,0,1,72,72,1000,0,0,0,0x12,7,143,2
item_v_hx_r4,135,39,Brathaehnchen,25,-1,rechts,1,0,1,72,72,1000,0,0,0,0x12,7,143,2
item_v_hx_r5,135,39,Brathaehnchen,23,-1,rechts,1,0,1,72,72,1000,0,0,0,0x12,7,143,2
item_v_hx_r6,135,39,Brathaehnchen,21,-1,rechts,1,0,1,72,72,1000,0,0,0,0x12,7,143,2
item_v_hx_u1,135,39,Brathaehnchen,32,-3,rechts,0,0,0,72,72,0,0,0,0,0x10,0,,1
item_v_hz_l0,10,59,GUN,-42,0,links,0,0,0,72,72,0,1,1,6,0x16,0,,1
item_v_hz_l100,10,59,GUN,-42,0,links,0,0,0,72,72,0,1,1,6,0x16,0,,1
item_v_hz_l10,10,59,GUN,-42,0,links,0,0,0,72,72,0,1,1,6,0x16,0,,1
item_v_hz_l140,10,59,GUN,-42,0,links,0,0,0,72,72,0,1,1,6,0x16,0,,1
item_v_hz_l141,10,59,GUN,-42,0,links,0,0,0,72,72,0,1,1,6,0x16,0,,1
item_v_hz_l142,10,59,GUN,-42,0,links,0,0,0,72,72,0,1,1,6,0x16,0,,1
item_v_hz_l143,10,59,GUN,-42,0,links,0,0,0,72,72,0,1,1,6,0x16,0,,1
item_v_hz_l144,10,59,GUN,-42,0,links,0,0,0,72,72,0,1,1,6,0x16,0,,1
item_v_hz_l146,10,59,GUN,-42,0,links,0,0,0,72,72,0,1,1,6,0x16,0,,1
item_v_hz_l147,10,59,GUN,-42,0,links,0,0,0,72,72,0,1,1,6,0x16,0,,1
item_v_hz_l148,10,59,GUN,-42,0,links,0,0,0,72,72,0,1,1,6,0x16,0,,1
item_v_hz_l149,10,59,GUN,-42,0,links,0,0,0,72,72,0,1,1,6,0x16,0,,1
item_v_hz_l150,10,59,GUN,-42,0,links,0,0,0,72,72,0,1,1,6,0x16,0,,1
item_v_hz_l15,10,59,GUN,-42,0,links,0,0,0,72,72,0,1,1,6,0x16,0,,1
item_v_hz_l20,10,59,GUN,-42,0,links,0,0,0,72,72,0,1,1,6,0x16,0,,1
item_v_hz_l24,10,59,GUN,-42,0,links,0,0,0,72,72,0,1,1,6,0x16,0,,1
item_v_hz_l25,10,59,GUN,-42,0,links,0,0,0,72,72,0,1,1,6,0x16,0,,1
item_v_hz_l26,10,59,GUN,-42,0,links,0,0,0,72,72,0,1,1,6,0x16,0,,1
item_v_hz_l27,10,59,GUN,-42,0,links,0,0,0,72,72,0,1,1,6,0x16,0,,1
item_v_hz_l28,10,59,GUN,-42,0,links,0,0,0,72,72,0,1,1,6,0x16,0,,1
item_v_hz_l5,10,59,GUN,-42,0,links,0,0,0,72,72,0,1,1,6,0x16,0,,1
item_v_hz_leer,10,59,GUN,-44,0,rechts,0,0,0,72,72,0,1,1,6,0x16,0,,1
item_v_hz_leer,45,59,GUN,-68,0,rechts,0,0,0,72,72,0,1,1,6,0x16,0,,1
item_v_hz_r0,10,59,GUN,-44,0,rechts,0,0,0,72,72,0,1,1,6,0x16,0,,1
item_v_hz_r100,10,59,GUN,-44,0,rechts,0,0,0,72,72,0,1,1,6,0x16,0,,1
item_v_hz_r10,10,59,GUN,-44,0,rechts,0,0,0,72,72,0,1,1,6,0x16,0,,1
item_v_hz_r120,10,59,GUN,-44,0,rechts,0,0,0,72,72,0,1,1,6,0x16,0,,1
item_v_hz_r123,10,59,GUN,-44,0,rechts,0,0,0,72,72,0,1,1,6,0x16,0,,1
item_v_hz_r124,10,59,GUN,-44,0,rechts,0,0,0,72,72,0,1,1,6,0x16,0,,1
item_v_hz_r125,10,59,GUN,-44,0,rechts,0,0,0,72,72,0,1,1,6,0x16,0,,1
item_v_hz_r126,10,59,GUN,-44,0,rechts,0,0,0,72,72,0,1,1,6,0x16,0,,1
item_v_hz_r130,10,59,GUN,-44,0,rechts,0,0,0,72,72,0,1,1,6,0x16,0,,1
item_v_hz_r135,10,59,GUN,-44,0,rechts,0,0,0,72,72,0,1,1,6,0x16,0,,1
item_v_hz_r140,10,59,GUN,-44,0,rechts,0,0,0,72,72,0,1,1,6,0x16,0,,1
item_v_hz_r145,10,59,GUN,-44,0,rechts,0,0,0,72,72,0,1,1,6,0x16,0,,1
item_v_hz_r150,10,59,GUN,-44,0,rechts,0,0,0,72,72,0,1,1,6,0x16,0,,1
item_v_hz_r155,10,59,GUN,-44,0,rechts,0,0,0,72,72,0,1,1,6,0x16,0,,1
item_v_hz_r15,10,59,GUN,-44,0,rechts,0,0,0,72,72,0,1,1,6,0x16,0,,1
item_v_hz_r160,10,59,GUN,-44,0,rechts,0,0,0,72,72,0,1,1,6,0x16,0,,1
item_v_hz_r20,10,59,GUN,-44,0,rechts,0,0,0,72,72,0,1,1,6,0x16,0,,1
item_v_hz_r25,10,59,GUN,-44,0,rechts,0,0,0,72,72,0,1,1,6,0x16,0,,1
item_v_hz_r26,10,59,GUN,-44,0,rechts,0,0,0,72,72,0,1,1,6,0x16,0,,1
item_v_hz_r27,10,59,GUN,-44,0,rechts,0,0,0,72,72,0,1,1,6,0x16,0,,1
item_v_hz_r28,10,59,GUN,-44,0,rechts,0,0,0,72,72,0,1,1,6,0x16,0,,1
item_v_hz_r5,10,59,GUN,-44,0,rechts,0,0,0,72,72,0,1,1,6,0x16,0,,1
item_v_hz_r60,10,59,GUN,-44,0,rechts,0,0,0,72,72,0,1,1,6,0x16,0,,1
item_v_hz_z-11,10,59,GUN,-44,0,rechts,0,0,0,72,72,0,1,1,6,0x16,0,,1
item_v_hz_z-12,10,59,GUN,-44,0,rechts,0,0,0,72,72,0,1,1,6,0x16,0,,1
item_v_hz_z-13,10,59,GUN,-44,0,rechts,0,0,0,72,72,0,1,1,6,0x16,0,,1
item_v_hz_z-14,10,59,GUN,-44,0,rechts,0,0,0,72,72,0,1,1,6,0x16,0,,1
item_v_hz_z11,10,59,GUN,-44,0,rechts,0,0,0,72,72,0,1,1,6,0x16,0,,1
item_v_hz_z12,10,59,GUN,-44,0,rechts,0,0,0,72,72,0,1,1,6,0x16,0,,1
item_v_hz_z13,10,59,GUN,-44,0,rechts,0,0,0,72,72,0,1,1,6,0x16,0,,1
item_v_hz_z14,10,59,GUN,-44,0,rechts,0,0,0,72,72,0,1,1,6,0x16,0,,1
item_v_hz_zwei,10,59,GUN,-44,0,rechts,0,0,0,72,72,0,1,1,6,0x16,0,,1
item_v_las_leer,10,55,M-GUN,-82,-56,rechts,0,0,0,72,72,0,1,5,4,0x16,0,,1
item_v_las_leer,60,53,MISSILE,2508,-56,rechts,0,0,0,72,72,0,1,3,3,0x16,0,,1
item_v_lz_o340,10,55,M-GUN,-82,-56,rechts,0,0,0,72,72,0,1,5,4,0x16,0,,1
item_v_lz_o355,10,55,M-GUN,-82,-56,rechts,0,0,0,72,72,0,1,5,4,0x16,0,,1
item_v_lz_o362,10,55,M-GUN,-82,-56,rechts,0,0,0,72,72,0,1,5,4,0x16,0,,1
item_v_lz_o370,10,55,M-GUN,-82,-56,rechts,0,0,0,72,72,0,1,5,4,0x16,0,,1
item_v_lz_r130,10,55,M-GUN,-82,-56,rechts,0,0,0,72,72,0,1,5,4,0x16,0,,1
item_v_lz_r160,10,55,M-GUN,-82,-56,rechts,0,0,0,72,72,0,1,5,4,0x16,0,,1
item_v_lz_r191,10,55,M-GUN,-82,-56,rechts,0,0,0,72,72,0,1,5,4,0x16,0,,1
item_v_lz_r220,10,55,M-GUN,-82,-56,rechts,0,0,0,72,72,0,1,5,4,0x16,0,,1
item_v_lz_r250,10,55,M-GUN,-82,-56,rechts,0,0,0,72,72,0,1,5,4,0x16,0,,1
item_v_lz_r280,10,55,M-GUN,-82,-56,rechts,0,0,0,72,72,0,1,5,4,0x16,0,,1
item_v_lz_r300,10,55,M-GUN,-82,-56,rechts,0,0,0,72,72,0,1,5,4,0x16,0,,1
item_v_lz_r330,10,55,M-GUN,-82,-56,rechts,0,0,0,72,72,0,1,5,4,0x16,0,,1
item_v_lz_z-11,10,55,M-GUN,-82,-56,rechts,0,0,0,72,72,0,1,5,4,0x16,0,,1
item_v_lz_z-12,10,55,M-GUN,-82,-56,rechts,0,0,0,72,72,0,1,5,4,0x16,0,,1
item_v_lz_z-13,10,55,M-GUN,-82,-56,rechts,0,0,0,72,72,0,1,5,4,0x16,0,,1
item_v_lz_z-14,10,55,M-GUN,-82,-56,rechts,0,0,0,72,72,0,1,5,4,0x16,0,,1
item_v_lz_z11,10,55,M-GUN,-82,-56,rechts,0,0,0,72,72,0,1,5,4,0x16,0,,1
item_v_lz_z12,10,55,M-GUN,-82,-56,rechts,0,0,0,72,72,0,1,5,4,0x16,0,,1
item_v_lz_z13,10,55,M-GUN,-82,-56,rechts,0,0,0,72,72,0,1,5,4,0x16,0,,1
item_v_lz_z14,10,55,M-GUN,-82,-56,rechts,0,0,0,72,72,0,1,5,4,0x16,0,,1
item_v_lz_zwei3,42,53,MISSILE,2616,-56,rechts,0,0,0,72,72,0,1,3,4,0x16,0,,1
item_v_lz_zwei4,42,53,MISSILE,2616,-56,rechts,0,0,0,72,72,0,1,3,4,0x16,0,,1
item_v_lz_zwei5,42,53,MISSILE,2616,-56,rechts,0,0,0,72,72,0,1,3,4,0x16,0,,1
item_v_mg_leer,5,49,GUN,-38,0,rechts,0,0,0,72,72,0,1,3,5,0x16,0,,1
item_v_mg_r130,5,49,GUN,-38,0,rechts,0,0,0,72,72,0,1,3,5,0x16,0,,1
item_v_mg_r90,5,49,GUN,-38,0,rechts,0,0,0,72,72,0,1,3,5,0x16,0,,1
item_v_mis_auf2,5,50,MISSILE,-31,-1,links,1,0,1,72,72,0,1,3,3,0x12,7,13,2
item_v_mis_auf,205,59,MISSILE,-30,-1,links,1,0,1,72,72,0,1,3,3,0x12,7,213,2
item_v_mis_l,20,34,Brathaehnchen,-71,11,links,0,0,0,72,72,0,1,0,3,0x16,0,,1
item_v_mis_leer,15,34,Brathaehnchen,-73,11,rechts,0,0,0,72,72,0,1,0,3,0x16,0,,1
item_v_mis_leer,45,34,Brathaehnchen,-73,11,rechts,0,0,0,72,72,0,1,0,2,0x16,0,,1
item_v_mis_leer,75,34,Brathaehnchen,-73,11,rechts,0,0,0,72,72,0,1,0,1,0x16,0,,1
item_v_mis_leer,100,50,MISSILE,21,0,rechts,0,0,0,72,72,0,0,0,0,0x10,0,,1
item_v_mis_leer,105,50,MISSILE,15,0,rechts,0,0,0,72,72,0,0,0,0,0x10,0,,1
item_v_mis_r,20,34,Brathaehnchen,-73,11,rechts,0,0,0,72,72,0,1,0,3,0x16,0,,1
item_v_mis_r,160,34,Brathaehnchen,-73,11,rechts,0,0,0,72,72,0,1,0,2,0x16,0,,1
item_v_mis_r,300,34,Brathaehnchen,-73,11,rechts,0,0,0,72,72,0,1,0,1,0x16,0,,1
item_v_mn_b11,43,34,Brathaehnchen,-1,11,links,1,0,1,72,72,1000,0,0,0,0x12,7,51,2
item_v_mn_b11,80,50,MISSILE,21,-1,links,1,0,1,72,72,0,1,3,3,0x12,7,88,2
item_v_mn_b12,43,34,Brathaehnchen,-1,11,links,1,0,1,72,72,1000,0,0,0,0x12,7,51,2
item_v_mn_b12,80,50,MISSILE,20,-1,links,1,0,1,72,72,0,1,3,3,0x12,7,88,2
item_v_mn_b13,43,34,Brathaehnchen,-1,11,links,1,0,1,72,72,1000,0,0,0,0x12,7,51,2
item_v_mn_b13,80,50,MISSILE,18,-1,links,1,0,1,72,72,0,1,3,3,0x12,7,88,2
item_v_mn_b14,43,34,Brathaehnchen,-1,11,links,1,0,1,72,72,1000,0,0,0,0x12,7,51,2
item_v_mn_b14,80,50,MISSILE,16,-1,links,1,0,1,72,72,0,1,3,3,0x12,7,88,2
item_v_mn_b1,43,34,Brathaehnchen,-1,11,links,1,0,1,72,72,1000,0,0,0,0x12,7,51,2
item_v_mn_b1,80,50,MISSILE,39,-1,links,0,0,0,72,72,0,0,3,0,0x10,0,,1
item_v_mn_b5,43,34,Brathaehnchen,-1,11,links,1,0,1,72,72,1000,0,0,0,0x12,7,51,2
item_v_mn_b5,80,50,MISSILE,32,-1,links,0,0,0,72,72,0,0,3,0,0x10,0,,1
item_v_mn_b5d,43,34,Brathaehnchen,-1,11,links,1,0,1,72,72,1000,0,0,0,0x12,7,51,2
item_v_mn_b5d,80,50,MISSILE,31,-1,links,0,0,0,72,72,0,0,3,0,0x10,0,,1
item_v_mn_b6,43,34,Brathaehnchen,-1,11,links,1,0,1,72,72,1000,0,0,0,0x12,7,51,2
item_v_mn_b6,80,50,MISSILE,30,-1,links,0,0,0,72,72,0,0,3,0,0x10,0,,1
item_v_mn_b6d,43,34,Brathaehnchen,-1,11,links,1,0,1,72,72,1000,0,0,0,0x12,7,51,2
item_v_mn_b6d,80,50,MISSILE,29,-1,links,1,0,1,72,72,0,1,3,3,0x12,7,88,2
item_v_mn_b7,43,34,Brathaehnchen,-1,11,links,1,0,1,72,72,1000,0,0,0,0x12,7,51,2
item_v_mn_b7,80,50,MISSILE,28,-1,links,1,0,1,72,72,0,1,3,3,0x12,7,88,2
item_v_mn_b9,43,34,Brathaehnchen,-1,11,links,1,0,1,72,72,1000,0,0,0,0x12,7,51,2
item_v_mn_b9,80,50,MISSILE,25,-1,links,1,0,1,72,72,0,1,3,3,0x12,7,88,2
item_v_mn_g10,70,50,MISSILE,21,-1,rechts,1,0,1,72,72,0,1,3,3,0x12,7,78,2
item_v_mn_g11,70,50,MISSILE,20,-1,rechts,1,0,1,72,72,0,1,3,3,0x12,7,78,2
item_v_mn_g12,70,50,MISSILE,18,-1,rechts,1,0,1,72,72,0,1,3,3,0x12,7,78,2
item_v_mn_g13,70,50,MISSILE,16,-1,rechts,1,0,1,72,72,0,1,3,3,0x12,7,78,2
item_v_mn_h5,43,34,Brathaehnchen,-1,11,links,1,0,1,72,72,1000,0,0,0,0x12,7,51,2
item_v_mn_h5,80,50,MISSILE,30,-1,rechts,1,0,1,72,72,0,1,3,3,0x12,7,88,2
item_v_mn_h5d,43,34,Brathaehnchen,-1,11,links,1,0,1,72,72,1000,0,0,0,0x12,7,51,2
item_v_mn_h5d,80,50,MISSILE,29,-1,rechts,1,0,1,72,72,0,1,3,3,0x12,7,88,2
item_v_mn_h6,43,34,Brathaehnchen,-1,11,links,1,0,1,72,72,1000,0,0,0,0x12,7,51,2
item_v_mn_h6,80,50,MISSILE,28,-1,rechts,1,0,1,72,72,0,1,3,3,0x12,7,88,2
item_v_mn_h7,43,34,Brathaehnchen,-1,11,links,1,0,1,72,72,1000,0,0,0,0x12,7,51,2
item_v_mn_h7,80,50,MISSILE,27,-1,rechts,1,0,1,72,72,0,1,3,3,0x12,7,88,2
item_v_mn_h8,43,34,Brathaehnchen,-1,11,links,1,0,1,72,72,1000,0,0,0,0x12,7,51,2
item_v_mn_h8,80,50,MISSILE,25,-1,rechts,1,0,1,72,72,0,1,3,3,0x12,7,88,2
item_v_mn_h8d,43,34,Brathaehnchen,-1,11,links,1,0,1,72,72,1000,0,0,0,0x12,7,51,2
item_v_mn_h8d,80,50,MISSILE,24,-1,rechts,1,0,1,72,72,0,1,3,3,0x12,7,88,2
item_v_mn_h9,43,34,Brathaehnchen,-1,11,links,1,0,1,72,72,1000,0,0,0,0x12,7,51,2
item_v_mn_h9,80,50,MISSILE,23,-1,rechts,1,0,1,72,72,0,1,3,3,0x12,7,88,2
item_v_mn_h9d,43,34,Brathaehnchen,-1,11,links,1,0,1,72,72,1000,0,0,0,0x12,7,51,2
item_v_mn_h9d,80,50,MISSILE,22,-1,rechts,1,0,1,72,72,0,1,3,3,0x12,7,88,2
item_v_mn_i1,43,34,Brathaehnchen,-1,11,links,1,0,1,72,72,1000,0,0,0,0x12,7,51,2
item_v_mn_i1,80,50,MISSILE,37,-1,rechts,1,0,1,72,72,0,1,3,3,0x12,7,88,2
item_v_mn_i1d,43,34,Brathaehnchen,-1,11,links,1,0,1,72,72,1000,0,0,0,0x12,7,51,2
item_v_mn_i1d,80,50,MISSILE,36,-1,rechts,1,0,1,72,72,0,1,3,3,0x12,7,88,2
item_v_mn_i2,43,34,Brathaehnchen,-1,11,links,1,0,1,72,72,1000,0,0,0,0x12,7,51,2
item_v_mn_i2,80,50,MISSILE,35,-1,rechts,1,0,1,72,72,0,1,3,3,0x12,7,88,2
item_v_mn_i2d,43,34,Brathaehnchen,-1,11,links,1,0,1,72,72,1000,0,0,0,0x12,7,51,2
item_v_mn_i2d,80,50,MISSILE,34,-1,rechts,1,0,1,72,72,0,1,3,3,0x12,7,88,2
item_v_mn_i3,43,34,Brathaehnchen,-1,11,links,1,0,1,72,72,1000,0,0,0,0x12,7,51,2
item_v_mn_i3,80,50,MISSILE,34,-1,rechts,1,0,1,72,72,0,1,3,3,0x12,7,88,2
item_v_mn_i3d,43,34,Brathaehnchen,-1,11,links,1,0,1,72,72,1000,0,0,0,0x12,7,51,2
item_v_mn_i3d,80,50,MISSILE,32,-1,rechts,1,0,1,72,72,0,1,3,3,0x12,7,88,2
item_v_mn_i4,43,34,Brathaehnchen,-1,11,links,1,0,1,72,72,1000,0,0,0,0x12,7,51,2
item_v_mn_i4,80,50,MISSILE,32,-1,rechts,1,0,1,72,72,0,1,3,3,0x12,7,88,2
item_v_mn_i4d,43,34,Brathaehnchen,-1,11,links,1,0,1,72,72,1000,0,0,0,0x12,7,51,2
item_v_mn_i4d,80,50,MISSILE,31,-1,rechts,1,0,1,72,72,0,1,3,3,0x12,7,88,2
item_v_mn_l37,30,50,MISSILE,-37,-2,links,0,0,0,72,72,0,0,3,0,0x10,0,,1
item_v_mn_l3,30,50,MISSILE,-35,-1,links,1,0,1,72,72,0,1,3,3,0x12,7,38,2
item_v_mn_l4,30,50,MISSILE,-36,-1,links,1,0,1,72,72,0,1,3,3,0x12,7,38,2
item_v_mn_l5,30,50,MISSILE,-38,-1,links,0,0,0,72,72,0,0,3,0,0x10,0,,1
item_v_mn_r27,30,50,MISSILE,-27,-2,rechts,1,0,1,72,72,0,1,3,3,0x12,7,38,2
item_v_mn_r2,30,50,MISSILE,-29,-1,rechts,0,0,0,72,72,0,0,3,0,0x10,0,,1
item_v_mn_r3,30,50,MISSILE,-28,-1,rechts,1,0,1,72,72,0,1,3,3,0x12,7,38,2
item_v_mn_r4,30,50,MISSILE,-26,-1,rechts,1,0,1,72,72,0,1,3,3,0x12,7,38,2
item_v_mn_v1,43,34,Brathaehnchen,-1,11,links,1,0,1,72,72,1000,0,0,0,0x12,7,51,2
item_v_mn_v1,80,50,MISSILE,39,-1,rechts,0,0,0,72,72,0,0,3,0,0x10,0,,1
item_v_mn_v2,43,34,Brathaehnchen,-1,11,links,1,0,1,72,72,1000,0,0,0,0x12,7,51,2
item_v_mn_v2,80,50,MISSILE,41,-1,rechts,0,0,0,72,72,0,0,3,0,0x10,0,,1
item_v_mn_v38,43,34,Brathaehnchen,-1,11,links,1,0,1,72,72,1000,0,0,0,0x12,7,51,2
item_v_mn_v38,80,50,MISSILE,38,-1,rechts,0,0,0,72,72,0,0,3,0,0x10,0,,1
item_v_mn_v3,43,34,Brathaehnchen,-1,11,links,1,0,1,72,72,1000,0,0,0,0x12,7,51,2
item_v_mn_v3,80,50,MISSILE,42,-1,rechts,0,0,0,72,72,0,0,3,0,0x10,0,,1
item_v_mn_v4,43,34,Brathaehnchen,-1,11,links,1,0,1,72,72,1000,0,0,0,0x12,7,51,2
item_v_mn_v4,80,50,MISSILE,44,-1,rechts,0,0,0,72,72,0,0,3,0,0x10,0,,1
item_v_mn_z11,30,50,MISSILE,-31,-12,links,1,0,1,72,72,0,1,3,3,0x12,7,38,2
item_v_mn_z12,30,50,MISSILE,-31,-13,links,0,0,0,72,72,0,0,3,0,0x10,0,,1
item_v_mn_z13,30,50,MISSILE,-31,-14,links,0,0,0,72,72,0,0,3,0,0x10,0,,1
item_v_mz_l150,30,49,MISSILE,8,-12,rechts,1,0,1,63,63,0,1,3,3,0x12,7,38,2
item_v_mz_l150,50,48,MISSILE,98,-22,links,0,0,0,63,63,0,1,3,3,0x16,0,,1
item_v_mz_l200,30,49,MISSILE,8,-12,rechts,1,0,1,63,63,0,1,3,3,0x12,7,38,2
item_v_mz_l200,50,48,MISSILE,98,-22,links,0,0,0,63,63,0,1,3,3,0x16,0,,1
item_v_mz_l220,30,49,MISSILE,8,-12,rechts,1,0,1,63,63,0,1,3,3,0x12,7,38,2
item_v_mz_l220,50,48,MISSILE,98,-22,links,0,0,0,63,63,0,1,3,3,0x16,0,,1
item_v_mz_l234,30,49,MISSILE,8,-12,rechts,1,0,1,63,63,0,1,3,3,0x12,7,38,2
item_v_mz_l234,50,48,MISSILE,98,-22,links,0,0,0,63,63,0,1,3,3,0x16,0,,1
item_v_mz_l235,30,49,MISSILE,8,-12,rechts,1,0,1,63,63,0,1,3,3,0x12,7,38,2
item_v_mz_l235,50,48,MISSILE,98,-22,links,0,0,0,63,63,0,1,3,3,0x16,0,,1
item_v_mz_l236,30,49,MISSILE,8,-12,rechts,1,0,1,63,63,0,1,3,3,0x12,7,38,2
item_v_mz_l236,50,48,MISSILE,98,-22,links,0,0,0,63,63,0,1,3,3,0x16,0,,1
item_v_mz_l237,30,49,MISSILE,8,-12,rechts,1,0,1,63,63,0,1,3,3,0x12,7,38,2
item_v_mz_l237,50,48,MISSILE,98,-22,links,0,0,0,63,63,0,1,3,3,0x16,0,,1
item_v_mz_l239,30,49,MISSILE,8,-12,rechts,1,0,1,63,63,0,1,3,3,0x12,7,38,2
item_v_mz_l239,50,48,MISSILE,98,-22,links,0,0,0,63,63,0,1,3,3,0x16,0,,1
item_v_mz_l60,30,49,MISSILE,8,-12,rechts,1,0,1,63,63,0,1,3,3,0x12,7,38,2
item_v_mz_l60,50,48,MISSILE,98,-22,links,0,0,0,63,63,0,1,3,3,0x16,0,,1
item_v_mz_l95,30,49,MISSILE,8,-12,rechts,1,0,1,63,63,0,1,3,3,0x12,7,38,2
item_v_mz_l95,50,48,MISSILE,98,-22,links,0,0,0,63,63,0,1,3,3,0x16,0,,1
item_v_mz_l96,30,49,MISSILE,8,-12,rechts,1,0,1,63,63,0,1,3,3,0x12,7,38,2
item_v_mz_l96,50,48,MISSILE,98,-22,links,0,0,0,63,63,0,1,3,3,0x16,0,,1
item_v_mz_l97,30,49,MISSILE,8,-12,rechts,1,0,1,63,63,0,1,3,3,0x12,7,38,2
item_v_mz_l97,50,48,MISSILE,98,-22,links,0,0,0,63,63,0,1,3,3,0x16,0,,1
item_v_mz_multi3,30,49,MISSILE,8,-12,rechts,1,0,1,63,63,0,1,3,3,0x12,7,38,2
item_v_mz_multi3,50,48,MISSILE,96,-22,rechts,0,0,0,63,63,0,1,3,3,0x16,0,,1
item_v_mz_multi,30,49,MISSILE,8,-12,rechts,1,0,1,63,63,0,1,3,3,0x12,7,38,2
item_v_mz_multi,50,48,MISSILE,96,-22,rechts,0,0,0,63,63,0,1,3,3,0x16,0,,1
item_v_mz_r100,30,49,MISSILE,8,-12,rechts,1,0,1,63,63,0,1,3,3,0x12,7,38,2
item_v_mz_r100,50,48,MISSILE,96,-22,rechts,0,0,0,63,63,0,1,3,3,0x16,0,,1
item_v_mz_r163,30,49,MISSILE,8,-12,rechts,1,0,1,63,63,0,1,3,3,0x12,7,38,2
item_v_mz_r163,50,48,MISSILE,96,-22,rechts,0,0,0,63,63,0,1,3,3,0x16,0,,1
item_v_mz_r191,30,49,MISSILE,8,-12,rechts,1,0,1,63,63,0,1,3,3,0x12,7,38,2
item_v_mz_r191,50,48,MISSILE,96,-22,rechts,0,0,0,63,63,0,1,3,3,0x16,0,,1
item_v_mz_r192,30,49,MISSILE,8,-12,rechts,1,0,1,63,63,0,1,3,3,0x12,7,38,2
item_v_mz_r192,50,48,MISSILE,96,-22,rechts,0,0,0,63,63,0,1,3,3,0x16,0,,1
item_v_mz_r200,30,49,MISSILE,8,-12,rechts,1,0,1,63,63,0,1,3,3,0x12,7,38,2
item_v_mz_r200,50,48,MISSILE,96,-22,rechts,0,0,0,63,63,0,1,3,3,0x16,0,,1
item_v_mz_r211,30,49,MISSILE,8,-12,rechts,1,0,1,63,63,0,1,3,3,0x12,7,38,2
item_v_mz_r211,50,48,MISSILE,96,-22,rechts,0,0,0,63,63,0,1,3,3,0x16,0,,1
item_v_mz_r212,30,49,MISSILE,8,-12,rechts,1,0,1,63,63,0,1,3,3,0x12,7,38,2
item_v_mz_r212,50,48,MISSILE,96,-22,rechts,0,0,0,63,63,0,1,3,3,0x16,0,,1
item_v_mz_r213,30,49,MISSILE,8,-12,rechts,1,0,1,63,63,0,1,3,3,0x12,7,38,2
item_v_mz_r213,50,48,MISSILE,96,-22,rechts,0,0,0,63,63,0,1,3,3,0x16,0,,1
item_v_mz_r214,30,49,MISSILE,8,-12,rechts,1,0,1,63,63,0,1,3,3,0x12,7,38,2
item_v_mz_r214,50,48,MISSILE,96,-22,rechts,0,0,0,63,63,0,1,3,3,0x16,0,,1
item_v_mz_r215,30,49,MISSILE,8,-12,rechts,1,0,1,63,63,0,1,3,3,0x12,7,38,2
item_v_mz_r215,50,48,MISSILE,96,-22,rechts,0,0,0,63,63,0,1,3,3,0x16,0,,1
item_v_mz_r218,30,49,MISSILE,8,-12,rechts,1,0,1,63,63,0,1,3,3,0x12,7,38,2
item_v_mz_r218,50,48,MISSILE,96,-22,rechts,0,0,0,63,63,0,1,3,3,0x16,0,,1
item_v_mz_r220,30,49,MISSILE,8,-12,rechts,1,0,1,63,63,0,1,3,3,0x12,7,38,2
item_v_mz_r220,50,48,MISSILE,96,-22,rechts,0,0,0,63,63,0,1,3,3,0x16,0,,1
item_v_mz_r222,30,49,MISSILE,8,-12,rechts,1,0,1,63,63,0,1,3,3,0x12,7,38,2
item_v_mz_r222,50,48,MISSILE,96,-22,rechts,0,0,0,63,63,0,1,3,3,0x16,0,,1
item_v_mz_r225,30,49,MISSILE,8,-12,rechts,1,0,1,63,63,0,1,3,3,0x12,7,38,2
item_v_mz_r225,50,48,MISSILE,96,-22,rechts,0,0,0,63,63,0,1,3,3,0x16,0,,1
item_v_mz_r230,30,49,MISSILE,8,-12,rechts,1,0,1,63,63,0,1,3,3,0x12,7,38,2
item_v_mz_r230,50,48,MISSILE,96,-22,rechts,0,0,0,63,63,0,1,3,3,0x16,0,,1
item_v_mz_r55,30,49,MISSILE,8,-12,rechts,1,0,1,63,63,0,1,3,3,0x12,7,38,2
item_v_mz_r55,50,48,MISSILE,96,-22,rechts,0,0,0,63,63,0,1,3,3,0x16,0,,1
item_v_mz_r59,30,49,MISSILE,8,-12,rechts,1,0,1,63,63,0,1,3,3,0x12,7,38,2
item_v_mz_r59,50,48,MISSILE,96,-22,rechts,0,0,0,63,63,0,1,3,3,0x16,0,,1
item_v_mz_r60,30,49,MISSILE,8,-12,rechts,1,0,1,63,63,0,1,3,3,0x12,7,38,2
item_v_mz_r60,50,48,MISSILE,96,-22,rechts,0,0,0,63,63,0,1,3,3,0x16,0,,1
item_v_mz_r61,30,49,MISSILE,8,-12,rechts,1,0,1,63,63,0,1,3,3,0x12,7,38,2
item_v_mz_r61,50,48,MISSILE,96,-22,rechts,0,0,0,63,63,0,1,3,3,0x16,0,,1
item_v_mz_r70,30,49,MISSILE,8,-12,rechts,1,0,1,63,63,0,1,3,3,0x12,7,38,2
item_v_mz_r70,50,48,MISSILE,96,-22,rechts,0,0,0,63,63,0,1,3,3,0x16,0,,1
item_v_mz_r80,30,49,MISSILE,8,-12,rechts,1,0,1,63,63,0,1,3,3,0x12,7,38,2
item_v_mz_r80,50,48,MISSILE,96,-22,rechts,0,0,0,63,63,0,1,3,3,0x16,0,,1
item_v_mz_r85,30,49,MISSILE,8,-12,rechts,1,0,1,63,63,0,1,3,3,0x12,7,38,2
item_v_mz_r85,50,48,MISSILE,96,-22,rechts,0,0,0,63,63,0,1,3,3,0x16,0,,1
item_v_mz_r90,30,49,MISSILE,8,-12,rechts,1,0,1,63,63,0,1,3,3,0x12,7,38,2
item_v_mz_r90,50,48,MISSILE,96,-22,rechts,0,0,0,63,63,0,1,3,3,0x16,0,,1
item_v_mz_r93,30,49,MISSILE,8,-12,rechts,1,0,1,63,63,0,1,3,3,0x12,7,38,2
item_v_mz_r93,50,48,MISSILE,96,-22,rechts,0,0,0,63,63,0,1,3,3,0x16,0,,1
item_v_mz_r95,30,49,MISSILE,8,-12,rechts,1,0,1,63,63,0,1,3,3,0x12,7,38,2
item_v_mz_r95,50,48,MISSILE,96,-22,rechts,0,0,0,63,63,0,1,3,3,0x16,0,,1
item_v_mz_r96,30,49,MISSILE,8,-12,rechts,1,0,1,63,63,0,1,3,3,0x12,7,38,2
item_v_mz_r96,50,48,MISSILE,96,-22,rechts,0,0,0,63,63,0,1,3,3,0x16,0,,1
item_v_mz_r97,30,49,MISSILE,8,-12,rechts,1,0,1,63,63,0,1,3,3,0x12,7,38,2
item_v_mz_r97,50,48,MISSILE,96,-22,rechts,0,0,0,63,63,0,1,3,3,0x16,0,,1
item_v_mz_r98,30,49,MISSILE,8,-12,rechts,1,0,1,63,63,0,1,3,3,0x12,7,38,2
item_v_mz_r98,50,48,MISSILE,96,-22,rechts,0,0,0,63,63,0,1,3,3,0x16,0,,1
item_v_mz_z-20,30,49,MISSILE,8,-12,rechts,1,0,1,63,63,0,1,3,3,0x12,7,38,2
item_v_mz_z-20,50,48,MISSILE,96,-22,rechts,0,0,0,63,63,0,1,3,3,0x16,0,,1
item_v_mz_z-24,30,49,MISSILE,8,-12,rechts,1,0,1,63,63,0,1,3,3,0x12,7,38,2
item_v_mz_z-24,50,48,MISSILE,96,-22,rechts,0,0,0,63,63,0,1,3,3,0x16,0,,1
item_v_mz_z-26,30,49,MISSILE,8,-12,rechts,1,0,1,63,63,0,1,3,3,0x12,7,38,2
item_v_mz_z-26,50,48,MISSILE,96,-22,rechts,0,0,0,63,63,0,1,3,3,0x16,0,,1
item_v_mz_z-27,30,49,MISSILE,8,-12,rechts,1,0,1,63,63,0,1,3,3,0x12,7,38,2
item_v_mz_z-27,50,48,MISSILE,96,-22,rechts,0,0,0,63,63,0,1,3,3,0x16,0,,1
item_v_mz_z-28,30,49,MISSILE,8,-12,rechts,1,0,1,63,63,0,1,3,3,0x12,7,38,2
item_v_mz_z-28,50,48,MISSILE,96,-22,rechts,0,0,0,63,63,0,1,3,3,0x16,0,,1
item_v_mz_z-29,30,49,MISSILE,8,-12,rechts,1,0,1,63,63,0,1,3,3,0x12,7,38,2
item_v_mz_z-29,50,48,MISSILE,96,-22,rechts,0,0,0,63,63,0,1,3,3,0x16,0,,1
item_v_mz_z28,30,49,MISSILE,8,-12,rechts,1,0,1,63,63,0,1,3,3,0x12,7,38,2
item_v_mz_z28,50,48,MISSILE,96,-22,rechts,0,0,0,63,63,0,1,3,3,0x16,0,,1
item_v_mz_z29,30,49,MISSILE,8,-12,rechts,1,0,1,63,63,0,1,3,3,0x12,7,38,2
item_v_mz_z29,50,48,MISSILE,96,-22,rechts,0,0,0,63,63,0,1,3,3,0x16,0,,1
item_v_mz_z30,30,49,MISSILE,8,-12,rechts,1,0,1,63,63,0,1,3,3,0x12,7,38,2
item_v_mz_z30,50,48,MISSILE,96,-22,rechts,0,0,0,63,63,0,1,3,3,0x16,0,,1
item_v_mz_z32,30,49,MISSILE,8,-12,rechts,1,0,1,63,63,0,1,3,3,0x12,7,38,2
item_v_mz_z32,50,48,MISSILE,96,-22,rechts,0,0,0,63,63,0,1,3,3,0x16,0,,1
item_v_mz_z35,30,49,MISSILE,8,-12,rechts,1,0,1,63,63,0,1,3,3,0x12,7,38,2
item_v_mz_z35,50,48,MISSILE,96,-22,rechts,0,0,0,63,63,0,1,3,3,0x16,0,,1
item_v_s5_las_auf,93,54,LASER,14,-8,rechts,1,0,1,72,72,0,1,4,4,0x12,7,101,2
item_v_s7g_auf,3,58,GUN,-13,2,links,1,0,1,72,72,0,1,5,5,0x12,7,11,2
item_v_s7h_auf,72,52,HAMMER,20,0,rechts,1,0,1,72,72,0,1,6,6,0x12,7,80,2
item_v_s7mg_auf,90,52,M-GUN,20,-1,rechts,1,0,1,72,72,0,1,5,5,0x12,7,98,2
item_v_sprung,12,50,MISSILE,-31,-1,links,0,33,0,72,72,0,0,3,0,0xe,0,,1
item_v_sprung,60,50,MISSILE,-31,-1,links,1,0,1,72,72,0,1,3,3,0x12,7,68,2
item_v_waffe_essen,5,50,MISSILE,-31,-1,links,1,0,1,30,30,0,1,3,3,0x12,7,13,2
item_v_waffe_essen,70,34,Brathaehnchen,-10,0,links,1,0,1,30,72,0,1,0,3,0x12,7,78,2
item_v_waffe_sprung,15,34,Brathaehnchen,-71,11,links,0,36,0,72,72,0,1,0,3,0xe,0,,1
## behaelter
lauf,slot,treffer,lp,angreifer_slot,figur_aktion,status_danach,pkt,inhalt
item_v_fass44,44,72,777->774,Figur,10,0201,10,Slot 39 Brathaehnchen mun 0 dx +0 dz +0 hmax 35 Landung T+50;
item_v_fass43,43,157,777->774,Figur,10,0201,20,Slot 34 Brathaehnchen mun 0 dx -40 dz +12 hmax 35 Landung T+50; Slot 50 MISSILE mun 3 dx +0 dz +0 hmax 35 Landung T+49;
item_v_fass43,44,157,777->774,Figur,10,0201,20,Slot 34 Brathaehnchen mun 0 dx +0 dz +0 hmax 35 Landung T+50; Slot 50 MISSILE mun 3 dx +40 dz -12 hmax 35 Landung T+49;
item_v_fass_tritt,44,80,777->770,Figur,e,0201,10,Slot 39 Brathaehnchen mun 0 dx +0 dz +0 hmax 35 Landung T+50;
item_v_fass_rakete,43,152,777->774,Figur,10,0201,10,Slot 50 MISSILE mun 3 dx +0 dz +0 hmax 35 Landung T+49;
item_v_fass_rakete,44,311,777->0,Figur,0,0201,10,Slot 50 Brathaehnchen mun 0 dx +0 dz +0 hmax 35 Landung T+49;
item_v_mech,44,319,777->0,16,4,0201,0,Slot 56 Brathaehnchen mun 0 dx +0 dz +0 hmax 35 Landung T+49;
item_v_liegen,43,157,777->774,Figur,10,0201,20,Slot 34 Brathaehnchen mun 0 dx -40 dz +12 hmax 35 Landung T+50; Slot 50 MISSILE mun 3 dx +0 dz +0 hmax 35 Landung T+49;
item_v_liegen,44,157,777->774,Figur,10,0201,20,Slot 34 Brathaehnchen mun 0 dx +0 dz +0 hmax 35 Landung T+50; Slot 50 MISSILE mun 3 dx +40 dz -12 hmax 35 Landung T+49;
## liegen (Liegezeit, Scrollen, verlorene und getauschte Waffen, Geldkassetten)
lauf,slot,art,mun,erscheint,hmax,landung,liegezeit_0,status,frei,frei_minus_landung,liegezeit_ende,cam_minus_x_davor,cam_minus_x_frei
item_v_liegen,34,Brathaehnchen,0,158,35,207,,0100@158 0101@159,,,700,-40,
item_v_liegen,50,MISSILE,3,158,35,206,906,0101@158,998,792,0,-80,-80
item_v_scroll,34,Brathaehnchen,0,1,0,1,,0101@1 0100@114,169,168,700,162,163
item_v_scroll,34,MISSILE,3,418,19,418,,0100@418 0101@419,,,700,-304,
item_v_scroll,43,LASER,4,418,22,,,0101@418,,,13,-272,
item_v_scroll,50,MISSILE,3,1,0,,,0101@1 0100@137,192,,505,162,164
item_v_scroll,58,HAMMER,6,418,21,,,0101@418,,,10,-336,
item_v_mis_auf,32,Brathaehnchen,0,148,35,197,,0100@148 0101@149,,,700,-129,
item_v_mis_auf,51,MISSILE,3,214,75,248,,0201@214 0101@248,,,648,-284,
item_v_mis_auf,59,MISSILE,3,148,35,196,,0101@148,206,10,691,-169,-169
item_v_s7h_auf,52,HAMMER,6,1,0,,,0101@1,73,,624,-220,-220
item_v_s7h_auf,52,HAMMER,6,141,75,,,0201@141,,,624,-182,
item_v_s7h_auf,59,GUN,1,73,75,107,,0201@73 0101@107,,,657,-132,
item_v_s7mg_auf,49,GUN,3,91,75,,,0201@91,,,4,-99,
item_v_s7mg_auf,52,M-GUN,5,1,0,,,0101@1,91,,605,-157,-157
item_v_mis_leer,34,Brathaehnchen,0,1,0,1,,0101@1,,,700,-40,
item_v_mis_leer,50,MISSILE,0,93,61,,,0201@93,154,,1,-104,-104
item_v_kiste_r24,31,MISSILE,3,39,35,,,0100@39 0101@40,,,4,-259,
item_v_kiste_r24,44,MISSILE,3,39,35,,,0101@39,,,0,-291,
item_v_kiste_r24,58,0x0C,5,39,35,,,0101@39,,,202,-323,
item_v_kiste_r7,31,MISSILE,3,39,35,,,0100@39 0101@40,,,4,-259,
item_v_kiste_r7,44,MISSILE,3,39,35,,,0101@39,,,0,-291,
item_v_kiste_r7,58,0x0C,5,39,35,,,0101@39,,,202,-323,
item_v_kiste_w2,31,MISSILE,3,39,35,88,,0100@39 0101@40,,,638,-144,
item_v_kiste_w2,44,MISSILE,3,39,35,87,,0101@39,,,637,-176,
item_v_kiste_w2,58,0x0C,5,39,35,87,,0101@39,,,637,-208,
item_v_kiste_w9,31,MISSILE,3,46,35,95,,0100@46 0101@47,,,645,-144,
item_v_kiste_w9,44,MISSILE,3,46,35,94,,0101@46,,,644,-176,
item_v_kiste_w9,58,0x0C,5,46,35,94,,0101@46,,,644,-208,
## schuss (Waffeneinsatz ohne bzw. mit Ziel)
lauf,P,blick,x,z,mun_vor,akt,akt_dauer,mun_wechsel,waffe_weg,geschosse,treffer
item_v_mis_l,20,links,1551,173,3,1-17,17,P+7:2,,G4 an P+7 dx-58 h50 dz+0 v-5.00 halt P+16 bei dx-98 attr P+15..P+29 frei P+110,
item_v_mis_r,20,rechts,1553,173,3,1-17,17,P+7:2,,G4 an P+7 dx+58 h50 dz+0 v+5.00 halt P+29 bei dx163 attr P+28..P+42 frei P+123,
item_v_mis_r,160,rechts,1553,173,2,1-17,17,P+7:1,,G4 an P+7 dx+58 h50 dz+0 v+5.00 halt P+29 bei dx163 attr P+28..P+42 frei P+123,
item_v_mis_r,300,rechts,1553,173,1,1-17,17,P+7:0,P+18,G4 an P+7 dx+58 h50 dz+0 v+5.00 halt P+29 bei dx163 attr P+28..P+30 frei P+>,
item_v_mis_leer,15,rechts,1553,173,3,1-77,51,P+7:2;P+37:1;P+67:0,P+78,G2 an P+67 dx+58 h50 dz+0 v+5.00 halt P+89 bei dx163 attr P+88..P+102 frei P+> / G3 an P+37 dx+58 h50 dz+0 v+5.00 halt P+59 bei dx163 attr P+58..P+72 frei P+> / G4 an P+7 dx+58 h50 dz+0 v+5.00 halt P+29 bei dx163 attr P+28..P+42 frei P+123,
item_v_mis_leer,45,rechts,1553,173,2,1-47,34,P+7:1;P+37:0,P+48,G2 an P+37 dx+58 h50 dz+0 v+5.00 halt P+59 bei dx163 attr P+58..P+72 frei P+> / G3 an P+7 dx+58 h50 dz+0 v+5.00 halt P+29 bei dx163 attr P+28..P+42 frei P+123,
item_v_mis_leer,75,rechts,1553,173,1,1-17,17,P+7:0,P+18,G2 an P+7 dx+58 h50 dz+0 v+5.00 halt P+29 bei dx163 attr P+28..P+42 frei P+123,
item_v_las_leer,10,rechts,19848,104,4,1-75,50,P+15:3;P+65:2,,G0 an P+15 dx+62 h52 dz+0 v+16.50 halt P+16 bei dx152 attr P+15..P+75 frei P+34 / G1 an P+13 dx+62 h52 dz+0 v+16.50 halt P+14 bei dx140 attr P+13..P+77 frei P+32 / G2 an P+11 dx+62 h52 dz+0 v+16.50 halt P+12 bei dx128 attr P+11..P+79 frei P+30 / G3 an P+9 dx+62 h52 dz+0 v+16.50 halt P+10 bei dx116 attr P+9..P+81 frei P+28 / G4 an P+7 dx+62 h52 dz+0 v+16.50 halt P+8 bei dx104 attr P+7..P+83 frei P+26,
item_v_las_leer,60,rechts,20148,104,3,1-25,25,P+15:2,,G0 an P+7 dx+62 h52 dz+0 v+16.50 halt P+8 bei dx104 attr P+7..P+25 frei P+26 / G1 an P+9 dx+62 h52 dz+0 v+16.50 halt P+10 bei dx116 attr P+9..P+27 frei P+28 / G2 an P+11 dx+62 h52 dz+0 v+16.50 halt P+12 bei dx128 attr P+11..P+29 frei P+30 / G3 an P+13 dx+62 h52 dz+0 v+16.50 halt P+14 bei dx140 attr P+13..P+31 frei P+32 / G4 an P+15 dx+62 h52 dz+0 v+16.50 halt P+16 bei dx152 attr P+15..P+33 frei P+34,
item_v_hz_leer,10,rechts,3203,1328,6,1-44,28,,P+46,,
item_v_hz_leer,45,rechts,3203,1328,6,1-9,9,,P+11,,
item_v_gun_leer,5,links,1609,1485,5,1-122,68,P+7:4;P+42:3;P+77:2;P+112:1,,G4 an P+7 dx-48 h54 dz+0 v-8.00 halt P+19 bei dx-136 attr P+7..P+17 frei P+24,P+51 s15 DICK -6 (4) dx-153 dz+9 st3222222222222 pkt+20 / P+86 s11 DICK -6 (9) dx-153 dz+9 st3222222222222 pkt+20
item_v_gun_leer,40,links,1609,1485,4,1-122,68,P+7:3;P+42:2;P+77:1;P+112:0,P+123,G4 an P+7 dx-48 h54 dz+0 v-8.00 halt P+18 bei dx-128 attr P+7..P+16 frei P+29,P+16 s15 DICK -6 (4) dx-153 dz+9 st3222222222222 pkt+20 / P+51 s11 DICK -6 (9) dx-153 dz+9 st3222222222222 pkt+20 / P+121 s15 DICK -6 (-2) dx-153 dz+9 st3222222222 pkt+100
item_v_gun_leer,75,links,1609,1485,3,1-87,51,P+7:2;P+42:1;P+77:0,P+88,G4 an P+7 dx-48 h54 dz+0 v-8.00 halt P+18 bei dx-128 attr P+7..P+16 frei P+29,P+16 s11 DICK -6 (9) dx-153 dz+9 st3222222222222 pkt+20 / P+86 s15 DICK -6 (-2) dx-153 dz+9 st3222222222222 pkt+100
item_v_gun_leer,110,links,1609,1485,2,1-52,34,P+7:1;P+42:0,P+53,G4 an P+7 dx-48 h54 dz+0 v-8.00 halt P+19 bei dx-136 attr P+7..P+17 frei P+24,P+51 s15 DICK -6 (-2) dx-153 dz+9 st3222222222222 pkt+100
item_v_gun_leer,145,links,1609,1485,1,1-17,17,P+7:0,P+18,G4 an P+7 dx-48 h54 dz+0 v-8.00 halt P+18 bei dx-128 attr P+7..P+16 frei P+29,P+16 s15 DICK -6 (-2) dx-153 dz+9 st3222222222222 pkt+100
item_v_gun_rleer,8,rechts,1611,1485,5,1-17,17,P+7:4,,G4 an P+7 dx+48 h54 dz+0 v+8.00 halt P+19 bei dx136 attr P+7..P+17 frei P+24,
item_v_gun_x1541,50,rechts,1541,1485,5,1-17,17,P+7:4,,G4 an P+7 dx+48 h54 dz+0 v+8.00 halt P+28 bei dx208 attr P+7..P+26 frei P+33,
item_v_gun_x1680,50,rechts,1679,1485,5,1-17,17,P+7:4,,G4 an P+7 dx+48 h54 dz+0 v+6.00 halt P+11 bei dx72 attr P+7..P+9 frei P+16,
item_v_gun_z1515,50,rechts,1611,1515,5,1-17,17,P+7:4,,G4 an P+7 dx+48 h54 dz+0 v+8.00 halt P+12 bei dx80 attr P+7..P+10 frei P+17,
item_v_gun_x1500,72,rechts,1499,1485,5,1-17,17,P+7:4,,G4 an P+7 dx+48 h54 dz+0 v+8.00 halt P+33 bei dx248 attr P+7..P+31 frei P+38,
item_v_mg_leer,5,rechts,1596,1472,5,1-37,37,P+27:4,,G1 an P+22 dx+74 h54 dz+0 v+10.00 halt P+33 bei dx174 attr P+22..P+31 frei P+38 / G2 an P+17 dx+74 h54 dz+0 v+10.00 halt P+28 bei dx174 attr P+17..P+26 frei P+33 / G3 an P+12 dx+74 h54 dz+0 v+10.00 halt P+23 bei dx174 attr P+12..P+21 frei P+28 / G4 an P+7 dx+74 h54 dz+0 v+10.00 halt P+18 bei dx174 attr P+7..P+16 frei P+23,
item_v_mg_r90,5,rechts,1596,1472,5,1-37,37,P+27:4,,G1 an P+27 dx+74 h54 dz+0 v+10.00 halt P+38 bei dx174 attr P+27..P+36 frei P+43 / G2 an P+17 dx+74 h54 dz+0 v+10.00 halt P+28 bei dx174 attr P+17..P+26 frei P+33 / G3 an P+12 dx+74 h54 dz+0 v+10.00 halt P+23 bei dx174 attr P+12..P+21 frei P+28 / G4 an P+7 dx+74 h54 dz+0 v+2.50 halt P+9 bei dx84 attr P+7..P+7 frei P+20,P+7 s17 EDDY -8 (92) dx+90 dz+0 st3222222222222 pkt+40
item_v_mg_r130,5,rechts,1596,1472,5,1-37,37,P+27:4,,G1 an P+22 dx+74 h54 dz+0 v+10.00 halt P+33 bei dx174 attr P+22..P+31 frei P+38 / G2 an P+17 dx+74 h54 dz+0 v+10.00 halt P+28 bei dx174 attr P+17..P+26 frei P+33 / G3 an P+12 dx+74 h54 dz+0 v+10.00 halt P+23 bei dx174 attr P+12..P+21 frei P+28 / G4 an P+7 dx+74 h54 dz+0 v+10.00 halt P+13 bei dx124 attr P+7..P+11 frei P+24,P+11 s17 EDDY -8 (92) dx+130 dz+0 st3222222222222 pkt+40
item_v_mz_multi,50,rechts,2620,72,3,1-17,17,P+7:2,,G4 an P+7 dx+58 h50 dz+0 v+5.00 halt P+29 bei dx163 attr P+28..P+30 frei P+>,P+28 s16 WOOKY -8 (92) dx+180 dz+5 st322 pkt+40 / P+29 s15 WOOKY -8 (92) dx+129 dz-1 st32 pkt+20
item_v_mz_multi3,50,rechts,2620,72,3,1-17,17,P+7:2,,G4 an P+7 dx+58 h50 dz+0 v+5.00 halt P+29 bei dx163 attr P+28..P+30 frei P+>,P+28 s17 EDDY -8 (92) dx+198 dz+19 st322 pkt+40 / P+29 s16 WOOKY -8 (92) dx+163 dz-20 st32 pkt+40 / P+30 s15 WOOKY -8 (92) dx+109 dz-1 st3 pkt+
item_v_lz_zwei3,42,rechts,20040,104,4,1-25,25,P+15:3,,G0 an P+15 dx+62 h52 dz+0 v+16.50 halt P+16 bei dx152 attr P+15..P+33 frei P+> / G1 an P+13 dx+62 h52 dz+0 v+16.50 halt P+14 bei dx140 attr P+13..P+31 frei P+32 / G2 an P+11 dx+62 h52 dz+0 v+16.50 halt P+12 bei dx128 attr P+11..P+29 frei P+30 / G3 an P+9 dx+62 h52 dz+0 v+16.50 halt P+10 bei dx116 attr P+9..P+27 frei P+28 / G4 an P+7 dx+62 h52 dz+0 v+16.50 halt P+8 bei dx104 attr P+7..P+25 frei P+26,P+11 s17 0x74164 -6 (94) dx+174 dz+5 st3222222222222 pkt+150 / P+12 s17 0x74164 -95 (-1) dx+180 dz+5 st2222222222222 pkt+0 / P+17 s18 0x6c660 -6 (2) dx+311 dz-6 st3222222222222 pkt+100 / P+18 s18 0x6c660 -3 (-1) dx+317 dz-6 st2222222222222 pkt+0
item_v_lz_zwei4,42,rechts,20040,104,4,1-25,25,P+15:3,,G0 an P+15 dx+62 h52 dz+0 v+16.50 halt P+16 bei dx152 attr P+15..P+33 frei P+> / G1 an P+13 dx+62 h52 dz+0 v+16.50 halt P+14 bei dx140 attr P+13..P+31 frei P+32 / G2 an P+11 dx+62 h52 dz+0 v+16.50 halt P+12 bei dx128 attr P+11..P+29 frei P+30 / G3 an P+9 dx+62 h52 dz+0 v+16.50 halt P+10 bei dx116 attr P+9..P+27 frei P+28 / G4 an P+7 dx+62 h52 dz+0 v+16.50 halt P+8 bei dx104 attr P+7..P+25 frei P+26,P+12 s18 0x6c660 -6 (2) dx+201 dz-1 st3222222222222 pkt+100 / P+13 s18 0x6c660 -3 (-1) dx+207 dz-1 st2222222222222 pkt+0 / P+17 s17 0x74164 -6 (94) dx+321 dz+0 st3222222222222 pkt+150 / P+18 s17 0x74164 -95 (-1) dx+327 dz+0 st2222222222222 pkt+0
item_v_lz_zwei5,42,rechts,20040,104,4,1-25,25,P+15:3,,G0 an P+15 dx+62 h52 dz+0 v+16.50 halt P+16 bei dx152 attr P+15..P+33 frei P+> / G1 an P+13 dx+62 h52 dz+0 v+16.50 halt P+14 bei dx140 attr P+13..P+31 frei P+32 / G2 an P+11 dx+62 h52 dz+0 v+16.50 halt P+12 bei dx128 attr P+11..P+29 frei P+30 / G3 an P+9 dx+62 h52 dz+0 v+16.50 halt P+10 bei dx116 attr P+9..P+27 frei P+28 / G4 an P+7 dx+62 h52 dz+0 v+16.50 halt P+8 bei dx104 attr P+7..P+25 frei P+26,P+13 s17 0x74164 -6 (94) dx+227 dz+0 st3222222222222 pkt+150 / P+14 s17 0x74164 -95 (-1) dx+233 dz+0 st2222222222222 pkt+100 / P+14 s18 0x6c660 -6 (2) dx+243 dz-1 st3222222222222 pkt+100 / P+15 s18 0x6c660 -3 (-1) dx+249 dz-1 st2222222222222 pkt+0
item_v_hz_zwei,10,rechts,3203,1328,6,1-26,26,P+13:5,,,P+13 s11 0x2d15c -8 (92) dx+60 dz+5 st3333333333333 pkt+10 / P+13 s12 0x2d15c -8 (92) dx+100 dz-5 st3333333333333 pkt+10
item_v_waffe_sprung,15,links,1551,173,3,,0,,,,
## ziel Raketenwerfer gegen WOOKY (Slot 15)
lauf,P,blick,mun,slot,treffer,dx,dz,schaden,st_danach,pkt
item_v_mz_l150,50,links,3->2,15,P+28,-149,0,8,322,20
item_v_mz_l200,50,links,3->2,15,P+28,-199,0,8,322,20
item_v_mz_l220,50,links,3->2,15,P+28,-219,0,8,322,20
item_v_mz_l234,50,links,3->2,15,P+28,-233,0,8,322,20
item_v_mz_l235,50,links,3->2,15,P+28,-234,0,8,322,20
item_v_mz_l236,50,links,3->2,15,P+28,-235,0,8,322,20
item_v_mz_l237,50,links,3->2,15,P+28,-236,0,8,322,20
item_v_mz_l239,50,links,3->2,15,P+28,-238,0,8,322,20
item_v_mz_l60,50,links,3->2,15,-,-59,0,,,
item_v_mz_l95,50,links,3->2,15,-,-94,0,,,
item_v_mz_l96,50,links,3->2,15,-,-95,0,,,
item_v_mz_l97,50,links,3->2,15,P+28,-96,0,8,322,20
item_v_mz_multi3,50,rechts,3->2,15,P+30,109,-1,8,3,
item_v_mz_multi,50,rechts,3->2,15,P+29,129,-1,8,32,20
item_v_mz_r100,50,rechts,3->2,15,P+28,99,-1,8,322,20
item_v_mz_r163,50,rechts,3->2,15,P+28,162,-1,8,322,20
item_v_mz_r191,50,rechts,3->2,15,P+28,189,0,8,322,20
item_v_mz_r192,50,rechts,3->2,15,P+28,190,0,8,322,20
item_v_mz_r200,50,rechts,3->2,15,P+28,197,0,8,322,20
item_v_mz_r211,50,rechts,3->2,15,P+28,208,0,8,322,20
item_v_mz_r212,50,rechts,3->2,15,P+28,209,0,8,322,20
item_v_mz_r213,50,rechts,3->2,15,P+28,210,0,8,322,20
item_v_mz_r214,50,rechts,3->2,15,P+28,211,0,8,322,20
item_v_mz_r215,50,rechts,3->2,15,-,212,0,,,
item_v_mz_r218,50,rechts,3->2,15,-,215,0,,,
item_v_mz_r220,50,rechts,3->2,15,-,217,0,,,
item_v_mz_r222,50,rechts,3->2,15,-,219,0,,,
item_v_mz_r225,50,rechts,3->2,15,-,222,0,,,
item_v_mz_r230,50,rechts,3->2,15,-,227,0,,,
item_v_mz_r55,50,rechts,3->2,15,-,56,0,,,
item_v_mz_r59,50,rechts,3->2,15,-,60,0,,,
item_v_mz_r60,50,rechts,3->2,15,-,61,0,,,
item_v_mz_r61,50,rechts,3->2,15,-,62,0,,,
item_v_mz_r70,50,rechts,3->2,15,-,71,0,,,
item_v_mz_r80,50,rechts,3->2,15,-,79,-1,,,
item_v_mz_r85,50,rechts,3->2,15,-,84,-1,,,
item_v_mz_r90,50,rechts,3->2,15,-,89,-1,,,
item_v_mz_r93,50,rechts,3->2,15,-,92,-1,,,
item_v_mz_r95,50,rechts,3->2,15,-,94,-1,,,
item_v_mz_r96,50,rechts,3->2,15,-,95,-1,,,
item_v_mz_r97,50,rechts,3->2,15,-,96,-1,,,
item_v_mz_r98,50,rechts,3->2,15,P+28,97,-1,8,322,20
item_v_mz_z-20,50,rechts,3->2,15,P+28,162,-21,8,322,20
item_v_mz_z-24,50,rechts,3->2,15,P+28,162,-25,8,322,20
item_v_mz_z-26,50,rechts,3->2,15,P+28,162,-27,8,322,20
item_v_mz_z-27,50,rechts,3->2,15,P+28,162,-28,8,322,20
item_v_mz_z-28,50,rechts,3->2,15,-,162,-29,,,
item_v_mz_z-29,50,rechts,3->2,15,-,162,-30,,,
item_v_mz_z28,50,rechts,3->2,15,P+28,161,27,8,322,20
item_v_mz_z29,50,rechts,3->2,15,P+28,161,28,8,322,20
item_v_mz_z30,50,rechts,3->2,15,-,161,29,,,
item_v_mz_z32,50,rechts,3->2,15,-,161,31,,,
item_v_mz_z35,50,rechts,3->2,15,-,161,34,,,
## ziel Laser gegen SASUKE/KOJIRO (Slot 17, 18)
lauf,P,blick,mun,slot,treffer,dx,dz,schaden,st_danach,pkt
item_v_lz_o340,10,rechts,4->3,17,P+24,335,-1,6,322222222,150
item_v_lz_o340,10,rechts,4->3,18,P+20,270,6,6,322222222,100
item_v_lz_o355,10,rechts,4->3,17,P+25,350,-1,6,322222222,150
item_v_lz_o355,10,rechts,4->3,18,P+20,270,6,6,322222222,100
item_v_lz_o362,10,rechts,4->3,17,-,357,-1,,,
item_v_lz_o362,10,rechts,4->3,18,P+20,270,6,6,322222222,100
item_v_lz_o370,10,rechts,4->3,17,-,365,-1,,,
item_v_lz_o370,10,rechts,4->3,18,P+20,270,6,6,322222222,100
item_v_lz_r130,10,rechts,4->3,17,P+11,124,0,6,322222222,150
item_v_lz_r130,10,rechts,4->3,18,P+20,270,6,6,322222222,100
item_v_lz_r160,10,rechts,4->3,17,P+13,155,-1,6,322222222,150
item_v_lz_r160,10,rechts,4->3,18,P+20,270,6,6,322222222,100
item_v_lz_r191,10,rechts,4->3,17,P+15,186,-1,6,322222222,150
item_v_lz_r191,10,rechts,4->3,18,P+20,270,6,6,322222222,100
item_v_lz_r220,10,rechts,4->3,17,P+17,215,-1,6,322222222,150
item_v_lz_r220,10,rechts,4->3,18,P+20,270,6,6,322222222,100
item_v_lz_r250,10,rechts,4->3,17,P+19,245,-1,6,322222222,150
item_v_lz_r250,10,rechts,4->3,18,P+20,270,6,6,322222222,100
item_v_lz_r280,10,rechts,4->3,17,P+21,275,-1,6,322222222,150
item_v_lz_r280,10,rechts,4->3,18,P+20,270,6,6,322222222,100
item_v_lz_r300,10,rechts,4->3,17,P+22,295,-1,6,322222222,150
item_v_lz_r300,10,rechts,4->3,18,P+20,270,6,6,322222222,100
item_v_lz_r330,10,rechts,4->3,17,P+24,325,-1,6,322222222,150
item_v_lz_r330,10,rechts,4->3,18,P+20,270,6,6,322222222,100
item_v_lz_z-11,10,rechts,4->3,17,P+11,125,-11,6,322222222,150
item_v_lz_z-11,10,rechts,4->3,18,P+20,270,6,6,322222222,100
item_v_lz_z-12,10,rechts,4->3,17,P+11,125,-12,6,322222222,150
item_v_lz_z-12,10,rechts,4->3,18,P+20,270,6,6,322222222,100
item_v_lz_z-13,10,rechts,4->3,17,-,125,-13,,,
item_v_lz_z-13,10,rechts,4->3,18,P+20,270,6,6,322222222,100
item_v_lz_z-14,10,rechts,4->3,17,-,125,-14,,,
item_v_lz_z-14,10,rechts,4->3,18,P+20,270,6,6,322222222,100
item_v_lz_z11,10,rechts,4->3,17,P+11,125,10,6,322222222,150
item_v_lz_z11,10,rechts,4->3,18,P+20,270,6,6,322222222,100
item_v_lz_z12,10,rechts,4->3,17,P+11,125,11,6,322222222,150
item_v_lz_z12,10,rechts,4->3,18,P+20,270,6,6,322222222,100
item_v_lz_z13,10,rechts,4->3,17,P+11,125,12,6,322222222,150
item_v_lz_z13,10,rechts,4->3,18,P+20,270,6,6,322222222,100
item_v_lz_z14,10,rechts,4->3,17,-,125,13,,,
item_v_lz_z14,10,rechts,4->3,18,P+20,270,6,6,322222222,100
item_v_lz_zwei3,42,rechts,4->3,17,P+11,114,5,6,322222222,150
item_v_lz_zwei3,42,rechts,4->3,18,P+17,215,-6,6,322222222,100
item_v_lz_zwei4,42,rechts,4->3,17,P+17,225,0,6,322222222,150
item_v_lz_zwei4,42,rechts,4->3,18,P+12,135,-1,6,322222222,100
item_v_lz_zwei5,42,rechts,4->3,17,P+13,155,0,6,322222222,150
item_v_lz_zwei5,42,rechts,4->3,18,P+14,165,-1,6,322222222,100
## ziel Hammer gegen MUSASHI (Slot 11, 12)
lauf,P,blick,mun,slot,treffer,dx,dz,schaden,st_danach,pkt
item_v_hz_l0,10,links,6->5,11,P+13,-116,-4,8,333333333,20
item_v_hz_l0,10,links,6->5,12,P+13,0,0,8,333333333,20
item_v_hz_l100,10,links,6->5,11,P+13,-116,-4,8,333333333,20
item_v_hz_l100,10,links,6->5,12,P+13,-99,0,8,333333333,20
item_v_hz_l10,10,links,6->6,11,-,-116,-4,,,
item_v_hz_l10,10,links,6->6,12,-,-10,0,,,
item_v_hz_l140,10,links,6->5,11,P+13,-116,-4,8,333333333,20
item_v_hz_l140,10,links,6->5,12,P+13,-139,0,8,333333333,20
item_v_hz_l141,10,links,6->5,11,P+13,-116,-4,8,333333333,20
item_v_hz_l141,10,links,6->5,12,P+13,-140,0,8,333333333,20
item_v_hz_l142,10,links,6->5,11,P+13,-116,-4,8,333333333,20
item_v_hz_l142,10,links,6->5,12,P+13,-141,0,8,333333333,20
item_v_hz_l143,10,links,6->5,11,P+13,-116,-4,8,333333333,20
item_v_hz_l143,10,links,6->5,12,P+13,-142,0,8,333333333,20
item_v_hz_l144,10,links,6->5,11,P+13,-116,-4,8,333333333,20
item_v_hz_l144,10,links,6->5,12,P+13,-143,0,8,333333333,20
item_v_hz_l146,10,links,6->5,11,P+13,-116,-4,8,333333333,10
item_v_hz_l146,10,links,6->5,12,-,-145,0,,,
item_v_hz_l147,10,links,6->5,11,P+13,-116,-4,8,333333333,10
item_v_hz_l147,10,links,6->5,12,-,-146,0,,,
item_v_hz_l148,10,links,6->5,11,P+13,-116,-4,8,333333333,10
item_v_hz_l148,10,links,6->5,12,-,-147,0,,,
item_v_hz_l149,10,links,6->5,11,P+13,-116,-4,8,333333333,10
item_v_hz_l149,10,links,6->5,12,-,-148,0,,,
item_v_hz_l150,10,links,6->5,11,P+13,-116,-4,8,333333333,10
item_v_hz_l150,10,links,6->5,12,-,-149,0,,,
item_v_hz_l15,10,links,6->6,11,-,-116,-4,,,
item_v_hz_l15,10,links,6->6,12,-,-15,0,,,
item_v_hz_l20,10,links,6->5,11,P+13,-116,-4,8,333333333,20
item_v_hz_l20,10,links,6->5,12,P+13,-20,0,8,333333333,20
item_v_hz_l24,10,links,6->5,11,P+13,-116,-4,8,333333333,20
item_v_hz_l24,10,links,6->5,12,P+13,-24,0,8,333333333,20
item_v_hz_l25,10,links,6->5,11,P+13,-116,-4,8,333333333,20
item_v_hz_l25,10,links,6->5,12,P+13,-25,0,8,333333333,20
item_v_hz_l26,10,links,6->5,11,P+13,-116,-4,8,333333333,20
item_v_hz_l26,10,links,6->5,12,P+13,-26,0,8,333333333,20
item_v_hz_l27,10,links,6->5,11,P+13,-116,-4,8,333333333,20
item_v_hz_l27,10,links,6->5,12,P+13,-27,0,8,333333333,20
item_v_hz_l28,10,links,6->5,11,P+13,-116,-4,8,333333333,20
item_v_hz_l28,10,links,6->5,12,P+13,-28,0,8,333333333,20
item_v_hz_l5,10,links,6->6,11,-,-116,-4,,,
item_v_hz_l5,10,links,6->6,12,-,-5,0,,,
item_v_hz_leer,10,rechts,6->6,11,-,-118,-4,,,
item_v_hz_leer,10,rechts,6->6,12,-,191,6,,,
item_v_hz_r0,10,rechts,6->6,11,-,-118,-4,,,
item_v_hz_r0,10,rechts,6->6,12,-,0,0,,,
item_v_hz_r100,10,rechts,6->5,11,-,-118,-4,,,
item_v_hz_r100,10,rechts,6->5,12,P+13,101,0,8,333333333,10
item_v_hz_r10,10,rechts,6->6,11,-,-118,-4,,,
item_v_hz_r10,10,rechts,6->6,12,-,10,0,,,
item_v_hz_r120,10,rechts,6->5,11,-,-118,-4,,,
item_v_hz_r120,10,rechts,6->5,12,P+13,118,0,8,333333333,10
item_v_hz_r123,10,rechts,6->5,11,-,-118,-4,,,
item_v_hz_r123,10,rechts,6->5,12,P+13,121,0,8,333333333,10
item_v_hz_r124,10,rechts,6->5,11,-,-118,-4,,,
item_v_hz_r124,10,rechts,6->5,12,P+13,122,0,8,333333333,10
item_v_hz_r125,10,rechts,6->5,11,-,-118,-4,,,
item_v_hz_r125,10,rechts,6->5,12,P+13,123,0,8,333333333,10
item_v_hz_r126,10,rechts,6->5,11,-,-118,-4,,,
item_v_hz_r126,10,rechts,6->5,12,P+13,124,0,8,333333333,10
item_v_hz_r130,10,rechts,6->5,11,-,-118,-4,,,
item_v_hz_r130,10,rechts,6->5,12,P+13,128,0,8,333333333,10
item_v_hz_r135,10,rechts,6->5,11,-,-118,-4,,,
item_v_hz_r135,10,rechts,6->5,12,P+13,133,0,8,333333333,10
item_v_hz_r140,10,rechts,6->5,11,-,-118,-4,,,
item_v_hz_r140,10,rechts,6->5,12,P+13,138,0,8,333333333,10
item_v_hz_r145,10,rechts,6->5,11,-,-118,-4,,,
item_v_hz_r145,10,rechts,6->5,12,P+13,143,0,8,333333333,10
item_v_hz_r150,10,rechts,6->6,11,-,-118,-4,,,
item_v_hz_r150,10,rechts,6->6,12,-,148,0,,,
item_v_hz_r155,10,rechts,6->6,11,-,-118,-4,,,
item_v_hz_r155,10,rechts,6->6,12,-,153,0,,,
item_v_hz_r15,10,rechts,6->6,11,-,-118,-4,,,
item_v_hz_r15,10,rechts,6->6,12,-,15,0,,,
item_v_hz_r160,10,rechts,6->6,11,-,-118,-4,,,
item_v_hz_r160,10,rechts,6->6,12,-,158,0,,,
item_v_hz_r20,10,rechts,6->5,11,-,-118,-4,,,
item_v_hz_r20,10,rechts,6->5,12,P+13,20,0,8,333333333,10
item_v_hz_r25,10,rechts,6->5,11,-,-118,-4,,,
item_v_hz_r25,10,rechts,6->5,12,P+13,25,0,8,333333333,10
item_v_hz_r26,10,rechts,6->5,11,-,-118,-4,,,
item_v_hz_r26,10,rechts,6->5,12,P+13,26,0,8,333333333,10
item_v_hz_r27,10,rechts,6->5,11,-,-118,-4,,,
item_v_hz_r27,10,rechts,6->5,12,P+13,27,0,8,333333333,10
item_v_hz_r28,10,rechts,6->5,11,-,-118,-4,,,
item_v_hz_r28,10,rechts,6->5,12,P+13,28,0,8,333333333,10
item_v_hz_r5,10,rechts,6->6,11,-,-118,-4,,,
item_v_hz_r5,10,rechts,6->6,12,-,5,0,,,
item_v_hz_r60,10,rechts,6->5,11,-,-118,-4,,,
item_v_hz_r60,10,rechts,6->5,12,P+13,61,0,8,333333333,10
item_v_hz_z-11,10,rechts,6->5,11,-,-118,-4,,,
item_v_hz_z-11,10,rechts,6->5,12,P+13,80,-11,8,333333333,10
item_v_hz_z-12,10,rechts,6->5,11,-,-118,-4,,,
item_v_hz_z-12,10,rechts,6->5,12,P+13,80,-12,8,333333333,10
item_v_hz_z-13,10,rechts,6->6,11,-,-118,-4,,,
item_v_hz_z-13,10,rechts,6->6,12,-,80,-13,,,
item_v_hz_z-14,10,rechts,6->6,11,-,-118,-4,,,
item_v_hz_z-14,10,rechts,6->6,12,-,80,-14,,,
item_v_hz_z11,10,rechts,6->5,11,-,-118,-4,,,
item_v_hz_z11,10,rechts,6->5,12,P+13,80,10,8,333333333,10
item_v_hz_z12,10,rechts,6->5,11,-,-118,-4,,,
item_v_hz_z12,10,rechts,6->5,12,P+13,80,11,8,333333333,10
item_v_hz_z13,10,rechts,6->5,11,-,-118,-4,,,
item_v_hz_z13,10,rechts,6->5,12,P+13,80,12,8,333333333,10
item_v_hz_z14,10,rechts,6->6,11,-,-118,-4,,,
item_v_hz_z14,10,rechts,6->6,12,-,80,13,,,
item_v_hz_zwei,10,rechts,6->5,11,P+13,60,5,8,333333333,10
item_v_hz_zwei,10,rechts,6->5,12,P+13,100,-5,8,333333333,10
## ziel GUN gegen WOOKY (Slot 18), M-GUN gegen EDDY (Slot 17)
lauf,P,blick,mun,slot,treffer,dx,dz,schaden,st_danach,pkt
item_v_gz_l100,5,links,5->4,18,P+10,-99,-1,6,322222222,40
item_v_gz_l40,5,links,5->4,18,P+7,-40,0,6,322222222,40
item_v_gz_l60,5,links,5->4,18,P+7,-60,-2,6,322222222,40
item_v_gz_r100,8,rechts,5->4,18,P+9,99,-2,6,322222222,40
item_v_gz_r150,8,rechts,5->4,18,P+16,148,-8,6,322222222,40
item_v_gz_r40,8,rechts,5->5,18,P+5,40,0,4,333333333,20
item_v_gz_r60,8,rechts,5->4,18,P+7,59,-2,6,322222222,40
lauf,P,blick,mun,slot,treffer,dx,dz,schaden,st_danach,pkt
item_v_mg_r130,5,rechts,5->4,17,P+11,130,0,8,322222222,40
item_v_mg_r90,5,rechts,5->4,17,P+7,90,0,8,322222222,40
## ziel Erklaerungslaeufe (Savestates des Messagenten, WOOKY Slot 16/17)
lauf,P,blick,mun,slot,treffer,dx,dz,schaden,st_danach,pkt
item_v_m5_mis_x100,3,rechts,3->2,16,P+26,100,0,8,322222222,40
item_v_m5_mis_x60,3,rechts,3->2,16,P+26,60,0,8,322222222,40
item_v_m5_ham_x124,3,rechts,6->5,16,P+13,124,0,8,333333333,10
item_v_m5_ham_x125,3,rechts,6->6,16,-,125,0,,,
item_v_m5_ham_x130,3,rechts,6->6,16,-,130,0,,,
item_v_m5_ham_x140,3,rechts,6->6,16,-,140,0,,,
item_v_m5_ham_x145,3,rechts,6->6,16,-,145,0,,,
item_v_m5_ham_x20,3,rechts,6->6,16,-,20,0,,,
item_v_m5_ham_x26,3,rechts,6->6,16,-,26,0,,,
item_v_m5_ham_x27,3,rechts,6->5,16,P+13,27,0,8,333333333,10
lauf,P,blick,mun,slot,treffer,dx,dz,schaden,st_danach,pkt
item_v_m5_las_zwei2,3,rechts,4->3,16,-,220,-3,,,
item_v_m5_las_zwei2,3,rechts,4->3,17,P+11,120,0,6,322222222,20
item_v_m5_las_zwei,3,rechts,4->3,16,P+9,100,0,6,322222222,40
item_v_m5_las_zwei,3,rechts,4->3,17,-,200,4,,,
## griff (Angriff und Wurf im Griff mit Waffe)
lauf,griff_ab,P,gehalten_slot,waffe,mun,aktion,phase,treffer,schaden,pkt
item_v_griff_gun,108,115,18,1,5,['0'],"['2', '4']",P+5,4,20
item_v_griff_gun,108,135,18,1,5,['0'],"['2', '4']",P+5,4,80
item_v_griff_wurf,108,115,18,1,5,['0'],"['2', '6']",P+1,14,0
item_v_gz_r40,4,8,18,1,5,['0'],"['2', '4']",P+5,4,20
item_v_m5_griff,4,20,16,1,6,['0'],"['2', 'c173']",-,,
item_v_m5_griff_max,4,20,16,1,6,['0'],"['2', '4']",P+5,4,20
## punkte (Schlagkette, Raketen gegen zwei Gegner)
lauf,frame,diff,kombo,gegner
item_v_kette,43,10,0,s17 EDDY 30->27
item_v_kette,60,20,4,s17 EDDY 27->23
item_v_kette,78,30,8,s17 EDDY 23->18
item_v_kette,95,40,12,s17 EDDY 18->8
item_v_mz_multi,79,40,4,s15 WOOKY 100->92; s16 WOOKY 100->92
item_v_mz_multi,80,20,4,s15 WOOKY 100->92
item_v_mz_multi3,79,40,4,s16 WOOKY 100->92; s17 EDDY 100->92
item_v_mz_multi3,80,40,4,s15 WOOKY 100->92; s16 WOOKY 100->92
## Erklaerung Aufnahmebereich +18: Sweep des Messagenten, Frames 200-206 (Figur wird in 204 umgeworfen)
 200              st3 a06/2 x2248 z156 h0 lp36 f20 78:1 79:0 mun0 k0 pkt2840 c2048 | s44 0101 95f9c/08 x2265(+17) z156(+0) h0 lp0 lz566 m3 at0004 a0
 201              st3 a06/2 x2248 z156 h0 lp36 f20 78:1 79:0 mun0 k0 pkt2840 c2048 | s44 0101 95f9c/08 x2265(+17) z156(+0) h0 lp0 lz565 m3 at0004 a0
 202              st3 a06/2 x2248 z156 h0 lp36 f20 78:1 79:0 mun0 k0 pkt2840 c2048 | s44 0101 95f9c/08 x2266(+18) z156(+0) h0 lp0 lz564 m3 at0004 a0
 203              st3 a06/2 x2248 z156 h0 lp36 f20 78:1 79:0 mun0 k0 pkt2840 c2048 | s44 0101 95f9c/08 x2266(+18) z156(+0) h0 lp0 lz563 m3 at0004 a0
 204              st3 a0c/0 x2248 z156 h0 lp27 f20 78:1 79:0 mun0 k0 pkt2840 c2048 | s44 0101 95f9c/08 x2267(+19) z156(+0) h0 lp0 lz562 m3 at0004 a0
 205              st2 a0c/2 x2248 z156 h0 lp27 f00 78:0 79:0 mun0 k0 pkt2840 c2048 | s44 0101 95f9c/08 x2267(+19) z156(+0) h0 lp0 lz561 m3 at0004 a0
 206              st2 a0c/2 x2248 z156 h0 lp27 f00 78:0 79:0 mun0 k0 pkt2840 c2048 | s44 0101 95f9c/08 x2268(+20) z156(+0) h0 lp0 lz560 m3 at0004 a0
